item_id,timestamp,mean,0.1,0.5,0.9,Target,Interval Width
P01,2025-01-01,1.0994499004025773,1.0305766254162416,1.0994499004025773,1.1685857385057612,SC11,0.13800911308951958
P02,2025-01-01,0.8963259414471303,0.6699600402768809,0.8963259414471303,1.1229850029404336,SC11,0.45302496266355263
P03,2025-01-01,0.914754453167824,0.6984936726369051,0.914754453167824,1.131271329245972,SC11,0.43277765660906686
P04,2025-01-01,1.0097538724456694,0.7532943668000632,1.0097538724456694,1.2665234116510748,SC11,0.5132290448510116
P05,2025-01-01,1.0872662862158968,0.953165994340432,1.0872662862158968,1.2216003540274285,SC11,0.26843435968699647
P06,2025-01-01,1.058517486514988,0.723820851473966,1.058517486514988,1.3935108227674924,SC11,0.6696899712935264
P07,2025-01-01,0.968400501997724,0.6971950802101928,0.968400501997724,1.239903802188472,SC11,0.5427087219782792
P08,2025-01-01,0.7794976056266892,0.7038356749416909,0.7794976056266892,0.8554152672461288,SC11,0.15157959230443796
P09,2025-01-01,0.936109034561082,0.7312383063373242,0.936109034561082,1.1412236184251316,SC11,0.4099853120878074
P10,2025-01-01,0.9531133883662836,0.7236103047955257,0.9531133883662836,1.1828887780850044,SC11,0.4592784732894787
P11,2025-01-01,1.1099415676266458,0.8559715186582031,1.1099415676266458,1.3642112980388093,SC11,0.5082397793806062
P12,2025-01-01,1.0385362027522824,0.8321014050485224,1.0385362027522824,1.2453251023374274,SC11,0.41322369728890507
P13,2025-01-01,1.0064905636790975,0.8028317419760597,1.0064905636790975,1.2103891068815191,SC11,0.40755736490545946
P14,2025-01-01,0.9733969181321585,0.8902705819923915,0.9733969181321585,1.0568634161170132,SC11,0.16659283412462167
P15,2025-01-01,0.9727635822341631,0.8518498785038042,0.9727635822341631,1.094020546319816,SC11,0.24217066781601182
P16,2025-01-01,0.8863598994209565,0.8158394791694809,0.8863598994209565,0.9571903523009088,SC11,0.1413508731314279
P17,2025-01-01,0.9622065159112788,0.8329561875297706,0.9622065159112788,1.0916938547121555,SC11,0.2587376671823849
P18,2025-01-01,1.0092003717335518,0.76261778825722,1.0092003717335518,1.2561873820379106,SC11,0.49356959378069054
P19,2025-01-01,1.0813674027474969,0.8181103609552391,1.0813674027474969,1.344984987448065,SC11,0.5268746264928259
P20,2025-01-01,0.9918526702258974,0.7485167031978026,0.9918526702258974,1.2354783712412936,SC11,0.48696166804349095
P21,2025-01-01,0.9025906569197056,0.799299796035963,0.9025906569197056,1.0061854446811258,SC11,0.2068856486451628
P22,2025-01-01,1.1502374844130066,1.008296527120065,1.1502374844130066,1.292512521083301,SC11,0.28421599396323605
P23,2025-01-01,1.0866678018166511,0.882650846088759,1.0866678018166511,1.2909446868811514,SC11,0.4082938407923924
P24,2025-01-01,1.0111337737031074,0.7827433663533415,1.0111337737031074,1.239818027295003,SC11,0.4570746609416615
P25,2025-01-01,0.9523902659904472,0.8488415479360168,0.9523902659904472,1.056236710176853,SC11,0.2073951622408362
P26,2025-01-01,0.95679230443465,0.8943240337045036,0.95679230443465,1.019556533646525,SC11,0.12523249994202146
P27,2025-01-01,0.9598453693174048,0.8077774185165993,0.9598453693174048,1.1121902069762566,SC11,0.30441278845965725
P28,2025-01-01,1.288776875077993,0.9371740117350066,1.288776875077993,1.6407424755252766,SC11,0.70356846379027
P29,2025-01-01,1.221872312186218,0.9249742584099828,1.221872312186218,1.5190616594494064,SC11,0.5940874010394236
P30,2025-01-01,1.10774801313588,0.8863500922763661,1.10774801313588,1.3294446100763957,SC11,0.4430945178000296
P31,2025-01-01,0.942786986324627,0.8747537781564498,0.942786986324627,1.0110464034329525,SC11,0.13629262527650265
P32,2025-01-01,1.029564614999127,0.8296357525122325,1.029564614999127,1.2297889796196892,SC11,0.4001532271074567
P33,2025-01-01,0.9359787903222176,0.5926719075592093,0.9359787903222176,1.2795941760163738,SC11,0.6869222684571645
P34,2025-01-01,0.8504603528673456,0.6427352315811165,0.8504603528673456,1.0585001033246184,SC11,0.41576487174350196
P35,2025-01-01,0.9798099856509176,0.7743582562332223,0.9798099856509176,1.1854851998902305,SC11,0.4111269436570082
P36,2025-01-01,0.883440679359328,0.7547250842596266,0.883440679359328,1.0123795278469871,SC11,0.25765444358736056
P37,2025-01-01,0.9240519242837804,0.8069238357119988,0.9240519242837804,1.0413895241132702,SC11,0.23446568840127147
P38,2025-01-01,0.9147422108577226,0.7612432267337668,0.9147422108577226,1.0685364642847022,SC11,0.3072932375509354
P39,2025-01-01,0.8493521062176149,0.7743877556420241,0.8493521062176149,0.9245263489618468,SC11,0.1501385933198227
P40,2025-01-01,0.8553659908136028,0.6064824869328577,0.8553659908136028,1.1044950192646936,SC11,0.49801253233183596
P41,2025-01-01,1.0555104875311845,0.854440727789346,1.0555104875311845,1.256805472736532,SC11,0.4023647449471861
P42,2025-01-01,0.8478355098085686,0.7898031882284465,0.8478355098085686,0.9060803540779436,SC11,0.1162771658494971
P43,2025-01-01,1.0586900095834175,0.900884170567558,1.0586900095834175,1.2167404814282576,SC11,0.31585631086069965
P44,2025-01-01,0.9729551969972648,0.9167497899335324,0.9729551969972648,1.0293796818641916,SC11,0.1126298919306592
P45,2025-01-01,0.9179380376684172,0.7465779857931185,0.9179380376684172,1.0895799911081647,SC11,0.3430020053150462
P46,2025-01-01,0.8781838192838857,0.8213700298614749,0.8781838192838857,0.9352726431637416,SC11,0.1139026133022667
P47,2025-01-01,0.9243378152468468,0.665041059260387,0.9243378152468468,1.1839351751520375,SC11,0.5188941158916505
P48,2025-01-01,0.93489464584993,0.8425018465934839,0.93489464584993,1.0274773762382754,SC11,0.18497552964479147
P49,2025-01-01,0.9835679643452988,0.709527085909445,0.9835679643452988,1.2579153857439418,SC11,0.5483882998344968
P50,2025-01-01,0.9066509610949968,0.8192739713352702,0.9066509610949968,0.9942450216577696,SC11,0.17497105032249938
P51,2025-01-01,1.0181905620116836,0.7965736920389301,1.0181905620116836,1.2400594678965635,SC11,0.4434857758576334
P52,2025-01-01,0.8725893119431627,0.6791655311186892,0.8725893119431627,1.0661982070991796,SC11,0.3870326759804904
P53,2025-01-01,1.0188041734938862,0.8360233899694126,1.0188041734938862,1.2018116427956664,SC11,0.3657882528262538
P54,2025-01-01,0.788591082240946,0.7354298939718931,0.788591082240946,0.8419296921170761,SC11,0.10649979814518307
P55,2025-01-01,0.8597826759345604,0.7863390422505951,0.8597826759345604,0.933483077114992,SC11,0.14714403486439687
P56,2025-01-01,0.9241180594243604,0.811803179013788,0.9241180594243604,1.036634018898051,SC11,0.224830839884263
P57,2025-01-01,0.8668227204778168,0.7056510792859785,0.8668227204778168,1.0281853610285476,SC11,0.32253428174256915
P58,2025-01-01,0.9011048887929918,0.7978478315858386,0.9011048887929918,1.0045313456602256,SC11,0.206683514074387
P59,2025-01-01,0.9225528299823252,0.5361336229690778,0.9225528299823252,1.3092010152233964,SC11,0.7730673922543185
P60,2025-01-01,0.9640540511692413,0.8528590929633626,0.9640540511692413,1.0754218805400977,SC11,0.2225627875767351
P61,2025-01-01,0.8605648325609051,0.7619658053968156,0.8605648325609051,0.9593823591768704,SC11,0.19741655378005485
P62,2025-01-01,0.9512732145884218,0.6601813578844027,0.9512732145884218,1.2425649573313402,SC11,0.5823835994469375
P63,2025-01-01,0.8614304217365084,0.7463998717444771,0.8614304217365084,0.976687742721862,SC11,0.2302878709773849
P01,2025-01-01,1.5262460830224602,1.364003377032184,1.5262460830224602,1.6941022948530375,SC12,0.33009891782085354
P02,2025-01-01,1.5774810790187983,1.3492867076161548,1.5774810790187983,1.808829966641535,SC12,0.4595432590253803
P03,2025-01-01,1.3659263988915091,1.1966921526030296,1.3659263988915091,1.5505571507742424,SC12,0.35386499817121275
P04,2025-01-01,1.6278539260491285,1.3955570946631537,1.6278539260491285,1.8645580589802464,SC12,0.4690009643170927
P05,2025-01-01,1.3472224251139315,1.213985949318,1.3472224251139315,1.4901632523350337,SC12,0.2761773030170336
P06,2025-01-01,1.487008197674304,1.2374288041456851,1.487008197674304,1.7507411462385138,SC12,0.5133123420928287
P07,2025-01-01,1.3618331521582934,1.2335941214607735,1.3618331521582934,1.5039821188070457,SC12,0.27038799734627217
P08,2025-01-01,1.4913816095628027,1.1824352881242814,1.4913816095628027,1.8057739328886453,SC12,0.6233386447643638
P09,2025-01-01,1.4458992454215407,1.178439935932739,1.4458992454215407,1.7320828176247285,SC12,0.5536428816919894
P10,2025-01-01,1.3326941400333063,1.1576500959738427,1.3326941400333063,1.5178584269268611,SC12,0.3602083309530184
P11,2025-01-01,1.6171829375303592,1.4394795849506528,1.6171829375303592,1.81216066984029,SC12,0.37268108488963714
P12,2025-01-01,1.6605342165386392,1.459954759122927,1.6605342165386392,1.868386170773848,SC12,0.4084314116509211
P13,2025-01-01,1.749369652200778,1.4231192788628544,1.749369652200778,2.0734733940594383,SC12,0.6503541151965839
P14,2025-01-01,1.832104638539918,1.6367708860936234,1.832104638539918,2.0370655990998827,SC12,0.4002947130062593
P15,2025-01-01,1.8750409595239903,1.651735457992686,1.8750409595239903,2.121469278333203,SC12,0.469733820340517
P16,2025-01-01,1.643360766157685,1.448821473240637,1.643360766157685,1.8404979424184296,SC12,0.39167646917779253
P17,2025-01-01,1.5501336668636734,1.3594944901579975,1.5501336668636734,1.7484288813768138,SC12,0.38893439121881634
P18,2025-01-01,1.6116538616169782,1.4514158642945127,1.6116538616169782,1.8035948095362533,SC12,0.35217894524174054
P19,2025-01-01,1.5095949023701891,1.2883907943913853,1.5095949023701891,1.741288518858629,SC12,0.45289772446724363
P20,2025-01-01,1.604158765436242,1.3678033799462106,1.604158765436242,1.843280104467076,SC12,0.4754767245208653
P21,2025-01-01,1.568526436350158,1.2372786368794917,1.568526436350158,1.9034355256319588,SC12,0.6661568887524671
P22,2025-01-01,1.583193680439004,1.3920943988647867,1.583193680439004,1.785307751356101,SC12,0.3932133524913144
P23,2025-01-01,1.4137527232409146,1.2457314046374308,1.4137527232409146,1.5915275074968642,SC12,0.3457961028594334
P24,2025-01-01,1.664334608305657,1.4304396622893585,1.664334608305657,1.8999323398138983,SC12,0.4694926775245398
P25,2025-01-01,1.526623339973377,1.3339254722324556,1.526623339973377,1.7365714177610665,SC12,0.4026459455286109
P26,2025-01-01,1.661313010375038,1.3594261612405976,1.661313010375038,1.963953902969371,SC12,0.6045277417287733
P27,2025-01-01,1.527068256365545,1.3619828279615531,1.527068256365545,1.70401514319029,SC12,0.3420323152287368
P28,2025-01-01,1.490509516426191,1.3691539004422426,1.490509516426191,1.623910858590216,SC12,0.2547569581479734
P29,2025-01-01,1.4663673871069434,1.2629118466416274,1.4663673871069434,1.684366103269586,SC12,0.42145425662795866
P30,2025-01-01,1.5866611627069116,1.4181867058592046,1.5866611627069116,1.7748943953848872,SC12,0.35670768952568266
P31,2025-01-01,1.6250308921618155,1.4226518057153377,1.6250308921618155,1.831429566840334,SC12,0.4087777611249963
P32,2025-01-01,1.2408122582129373,1.0326150114421675,1.2408122582129373,1.4637602985599476,SC12,0.4311452871177801
P33,2025-01-01,1.350463288979516,1.178946398213351,1.350463288979516,1.5322559459991525,SC12,0.3533095477858015
P34,2025-01-01,1.2858424274705125,1.0771709521101824,1.2858424274705125,1.5151622183797395,SC12,0.4379912662695571
P35,2025-01-01,1.2544661953692429,0.9890213864602756,1.2544661953692429,1.5416860934825216,SC12,0.552664707022246
P36,2025-01-01,1.1669313344781866,0.93810210600187,1.1669313344781866,1.4079401239138425,SC12,0.46983801791197244
P37,2025-01-01,1.2576900167913367,1.1417020978296446,1.2576900167913367,1.3877631540633852,SC12,0.24606105623374064
P38,2025-01-01,1.4627807417657557,1.254637006241206,1.4627807417657557,1.681754551839026,SC12,0.42711754559782
P39,2025-01-01,1.3420571803673098,1.201244874079209,1.3420571803673098,1.4871032641784514,SC12,0.2858583900992424
P40,2025-01-01,1.19844418330047,1.0614288616897267,1.19844418330047,1.3478282808153916,SC12,0.2863994191256649
P41,2025-01-01,1.240100095260232,1.096301321897425,1.240100095260232,1.3949024597432829,SC12,0.29860113784585796
P42,2025-01-01,1.2984365565499176,1.0728341979613152,1.2984365565499176,1.5476896954586876,SC12,0.47485549749737244
P43,2025-01-01,1.166565479467087,1.036221809994177,1.166565479467087,1.3038964524354042,SC12,0.2676746424412273
P44,2025-01-01,1.52481715722084,1.2919835227768663,1.52481715722084,1.769163950343822,SC12,0.47718042756695556
P45,2025-01-01,1.34676988380683,1.216007383926685,1.34676988380683,1.4922668157882248,SC12,0.2762594318615399
P46,2025-01-01,1.3183825922776984,1.2102774172049946,1.3183825922776984,1.4369414683696893,SC12,0.22666405116469468
P47,2025-01-01,1.502083222190305,1.107807060526611,1.502083222190305,1.8977626560059468,SC12,0.7899555954793358
P48,2025-01-01,1.129232493473375,0.992128845892584,1.129232493473375,1.2788879702730305,SC12,0.2867591243804465
P49,2025-01-01,1.0800287915940237,0.9110024540874492,1.0800287915940237,1.2654320789473428,SC12,0.3544296248598936
P50,2025-01-01,1.0388141193509697,0.9223393241207288,1.0388141193509697,1.1692305154999802,SC12,0.24689119137925142
P51,2025-01-01,1.1694022148607768,0.9791473165534372,1.1694022148607768,1.376087133500453,SC12,0.39693981694701574
P52,2025-01-01,1.4819419491544088,1.2806813775363532,1.4819419491544088,1.6981279857602194,SC12,0.41744660822386614
P53,2025-01-01,1.1004512784567315,0.944287664171212,1.1004512784567315,1.2704434981556882,SC12,0.32615583398447623
P54,2025-01-01,0.9831423202392062,0.8131387955933838,0.9831423202392062,1.1672787171088828,SC12,0.354139921515499
P55,2025-01-01,1.1088143544509823,0.9743757998739284,1.1088143544509823,1.2563608123297518,SC12,0.2819850124558234
P56,2025-01-01,1.0062560498387687,0.843448621997541,1.0062560498387687,1.1778361265509414,SC12,0.3343875045534004
P57,2025-01-01,1.1373031731876238,0.9645776557012125,1.1373031731876238,1.3231853952786603,SC12,0.35860773957744785
P58,2025-01-01,0.9140862281494893,0.7855437144765518,0.9140862281494893,1.0553221842266969,SC12,0.2697784697501451
P59,2025-01-01,0.813186168699904,0.5567066335039073,0.813186168699904,1.0869491286309698,SC12,0.5302424951270626
P60,2025-01-01,1.1275405173729278,0.946663315360056,1.1275405173729278,1.3179995385624732,SC12,0.3713362232024172
P61,2025-01-01,1.0756475887183976,0.8909005580099953,1.0756475887183976,1.27111047657497,SC12,0.38020991856497455
P62,2025-01-01,1.2154626559518305,0.971439721729128,1.2154626559518305,1.4656592977193366,SC12,0.4942195759902086
P63,2025-01-01,1.1251851641522903,0.9201327522692042,1.1251851641522903,1.3399460401810368,SC12,0.4198132879118326
P01,2025-01-01,1.4696289907729114,1.376016201464496,1.4696289907729114,1.609817060439137,SC13,0.23380085897464098
P02,2025-01-01,1.4273924700662146,1.316028687581725,1.4273924700662146,1.579777110996292,SC13,0.26374842341456683
P03,2025-01-01,1.394380619019242,1.2436935407090526,1.394380619019242,1.549974480415844,SC13,0.3062809397067914
P04,2025-01-01,1.5014315841164316,1.4163056341001057,1.5014315841164316,1.6208689778928722,SC13,0.20456334379276653
P05,2025-01-01,1.4877455532288295,1.3931973628941317,1.4877455532288295,1.6325569814378251,SC13,0.23935961854369348
P06,2025-01-01,1.4335743387951922,1.3428088363735489,1.4335743387951922,1.567374375311801,SC13,0.22456553893825215
P07,2025-01-01,1.400098918956474,1.2952077157626571,1.400098918956474,1.5481699700463898,SC13,0.25296225428373265
P08,2025-01-01,1.375773193047091,1.2630427867156966,1.375773193047091,1.5440679050205566,SC13,0.28102511830486
P09,2025-01-01,1.4958361369913804,1.3661417786550714,1.4958361369913804,1.6937231119148652,SC13,0.3275813332597939
P10,2025-01-01,1.4408549326437818,1.2985864518188104,1.4408549326437818,1.6404991290102422,SC13,0.3419126771914318
P11,2025-01-01,1.578463372883744,1.4833665513756302,1.578463372883744,1.7286749183267045,SC13,0.24530836695107427
P12,2025-01-01,1.5442951215328178,1.423295928056466,1.5442951215328178,1.7358286157344194,SC13,0.3125326876779533
P13,2025-01-01,1.5081087834091167,1.4076755743197005,1.5081087834091167,1.6530095713356332,SC13,0.24533399701593273
P14,2025-01-01,1.5180299226925746,1.3942459522928243,1.5180299226925746,1.680446810855881,SC13,0.28620085856305666
P15,2025-01-01,1.4836416716891834,1.3595219915473011,1.4836416716891834,1.6756384847236745,SC13,0.31611649317637336
P16,2025-01-01,1.4700957184985772,1.3783230472927253,1.4700957184985772,1.614629980807576,SC13,0.23630693351485066
P17,2025-01-01,1.5032556738228071,1.4220033724603525,1.5032556738228071,1.6209158849028915,SC13,0.19891251244253905
P18,2025-01-01,1.5506403944325804,1.4516502395529107,1.5506403944325804,1.6819271706296226,SC13,0.23027693107671188
P19,2025-01-01,1.365961654459304,1.2526155997842754,1.365961654459304,1.5391600271793038,SC13,0.2865444273950284
P20,2025-01-01,1.515966259887426,1.4138305419624857,1.515966259887426,1.6280625739530594,SC13,0.21423203199057372
P21,2025-01-01,1.4956003077110496,1.3876805259134906,1.4956003077110496,1.650571942318641,SC13,0.26289141640515035
P22,2025-01-01,1.5241988045706862,1.417133037826269,1.5241988045706862,1.691643354143168,SC13,0.27451031631689893
P23,2025-01-01,1.5321962475179702,1.45296005531808,1.5321962475179702,1.6448761959440916,SC13,0.1919161406260117
P24,2025-01-01,1.4189992801289837,1.3106863108093871,1.4189992801289837,1.5797212424122584,SC13,0.2690349316028713
P25,2025-01-01,1.5017697704694957,1.3910906208884728,1.5017697704694957,1.6517561295141987,SC13,0.2606655086257259
P26,2025-01-01,1.5452268293388214,1.4774040938230293,1.5452268293388214,1.648988329375918,SC13,0.1715842355528887
P27,2025-01-01,1.5321621338304765,1.431037765055054,1.5321621338304765,1.6839194881469486,SC13,0.2528817230918945
P28,2025-01-01,1.5421477201886566,1.4608908215762315,1.5421477201886566,1.6694784259897748,SC13,0.2085876044135433
P29,2025-01-01,1.5653259765005652,1.4699294598680888,1.5653259765005652,1.6722363804875977,SC13,0.20230692061950895
P30,2025-01-01,1.4780862179538614,1.3820658742000282,1.4780862179538614,1.619386602280366,SC13,0.23732072808033777
P31,2025-01-01,1.4783341903229217,1.3903669129756098,1.4783341903229217,1.612760802048967,SC13,0.22239388907335722
P32,2025-01-01,1.5265023377532942,1.4202209637518894,1.5265023377532942,1.6258484011717949,SC13,0.2056274374199054
P33,2025-01-01,1.3832236134679383,1.2357644279925128,1.3832236134679383,1.598855576703042,SC13,0.36309114871052905
P34,2025-01-01,1.3940682105711295,1.2886392769525865,1.3940682105711295,1.5227597786686211,SC13,0.2341205017160346
P35,2025-01-01,1.329892430815533,1.1195745378482838,1.329892430815533,1.5506996464223457,SC13,0.43112510857406194
P36,2025-01-01,1.3098053423157423,1.1960911929640812,1.3098053423157423,1.4587852487057162,SC13,0.26269405574163507
P37,2025-01-01,1.3309712001319605,1.2020722312641632,1.3309712001319605,1.479695091864686,SC13,0.2776228606005229
P38,2025-01-01,1.3199236189874075,1.1960947890131182,1.3199236189874075,1.5020821859465252,SC13,0.30598739693340704
P39,2025-01-01,1.3928312870277233,1.2594420665564487,1.3928312870277233,1.5690399905600447,SC13,0.309597924003596
P40,2025-01-01,1.4962978066190633,1.3751408393983056,1.4962978066190633,1.610559604548395,SC13,0.23541876515008942
P41,2025-01-01,1.4650463701134844,1.338569948056306,1.4650463701134844,1.6124784168124036,SC13,0.27390846875609753
P42,2025-01-01,1.4975647047021718,1.400950780637691,1.4975647047021718,1.5834347550863137,SC13,0.18248397444862263
P43,2025-01-01,1.4398245351084291,1.310157623817609,1.4398245351084291,1.629458921696069,SC13,0.3193012978784602
P44,2025-01-01,1.4305424054204017,1.3222196178512566,1.4305424054204017,1.5300547090009533,SC13,0.20783509114969667
P45,2025-01-01,1.4256418184668922,1.3123955707607948,1.4256418184668922,1.5601027307952542,SC13,0.24770716003445936
P46,2025-01-01,1.3143278536816334,1.1573148837084082,1.3143278536816334,1.4948785393370705,SC13,0.3375636556286623
P47,2025-01-01,1.3829049827700848,1.2219265047197811,1.3829049827700848,1.5193646623621626,SC13,0.29743815764238146
P48,2025-01-01,1.3583591108437063,1.1982855509367307,1.3583591108437063,1.5294968289203443,SC13,0.3312112779836136
P49,2025-01-01,1.3846519115141194,1.2961720068400198,1.3846519115141194,1.5178208266400413,SC13,0.2216488198000215
P50,2025-01-01,1.39075148567341,1.262497259993287,1.39075148567341,1.5006096100751154,SC13,0.2381123500818283
P51,2025-01-01,1.2456147083067874,1.0778472296801147,1.2456147083067874,1.445015457202391,SC13,0.3671682275222763
P52,2025-01-01,1.2840049260860449,1.0511518183134088,1.2840049260860449,1.5589604736917182,SC13,0.5078086553783094
P53,2025-01-01,1.2891694580340551,1.1087790850586223,1.2891694580340551,1.4846730566150457,SC13,0.37589397155642335
P54,2025-01-01,1.2888372021887318,1.1132239194090188,1.2888372021887318,1.4611823233858487,SC13,0.34795840397683
P55,2025-01-01,1.241119486901396,1.0469931495700175,1.241119486901396,1.4778665093420953,SC13,0.43087335977207775
P56,2025-01-01,1.2224602344700164,1.0460206630545614,1.2224602344700164,1.4749211269069302,SC13,0.4289004638523688
P57,2025-01-01,1.1896609883693066,1.0509841727532296,1.1896609883693066,1.3649097768989853,SC13,0.31392560414575565
P58,2025-01-01,1.2991683781798329,1.1311164192657968,1.2991683781798329,1.4714837396680711,SC13,0.34036732040227435
P59,2025-01-01,1.1961754512921712,0.9776338733706637,1.1961754512921712,1.4529223276795198,SC13,0.47528845430885613
P60,2025-01-01,1.196729400016537,0.9988382920728496,1.196729400016537,1.4200284923572148,SC13,0.42119020028436527
P61,2025-01-01,1.2590976512739265,1.0680706367903274,1.2590976512739265,1.4470295739658117,SC13,0.37895893717548423
P62,2025-01-01,1.3172645607414062,1.1365931976737125,1.3172645607414062,1.4731420225672225,SC13,0.33654882489351
P63,2025-01-01,1.2820953399709307,1.1353900218864887,1.2820953399709307,1.493426915317182,SC13,0.3580368934306932
P01,2025-01-01,0.9866066061151902,0.7703449336801279,0.9866066061151902,1.1902948892137857,SC14,0.41994995553365777
P02,2025-01-01,1.0476500395471513,0.7372799718337109,1.0476500395471513,1.3224444891624123,SC14,0.5851645173287015
P03,2025-01-01,0.8770195520301551,0.6618134259353189,0.8770195520301551,1.111579969664631,SC14,0.449766543729312
P04,2025-01-01,0.980258725653548,0.708303471556381,0.980258725653548,1.2016302320384409,SC14,0.4933267604820599
P05,2025-01-01,1.0760694866780065,0.8396840037855962,1.0760694866780065,1.3168240867037355,SC14,0.47714008291813936
P06,2025-01-01,0.9529120556657618,0.5987161614916011,0.9529120556657618,1.3090719377553883,SC14,0.7103557762637872
P07,2025-01-01,0.8496060948477592,0.5936348519852257,0.8496060948477592,1.090486526954404,SC14,0.49685167496917826
P08,2025-01-01,1.040115161520906,0.7454087001593785,1.040115161520906,1.3448466963461514,SC14,0.5994379961867728
P09,2025-01-01,0.9336203004672924,0.6833780768771902,0.9336203004672924,1.1790792018609406,SC14,0.4957011249837504
P10,2025-01-01,0.922950409734588,0.7059459593151937,0.922950409734588,1.1116627272399158,SC14,0.4057167679247221
P11,2025-01-01,0.9719484048705662,0.7448731971470899,0.9719484048705662,1.2056448616762303,SC14,0.4607716645291404
P12,2025-01-01,1.080559600009027,0.8067618251709054,1.080559600009027,1.3696093427789355,SC14,0.5628475176080301
P13,2025-01-01,1.0463973049167206,0.68251367240895,1.0463973049167206,1.4080316055900752,SC14,0.7255179331811252
P14,2025-01-01,1.0615540343896788,0.7962168402525132,1.0615540343896788,1.3049564762984849,SC14,0.5087396360459717
P15,2025-01-01,1.147700009519021,0.878751313373601,1.147700009519021,1.43964343280908,SC14,0.5608921194354789
P16,2025-01-01,1.0855124804872394,0.7592842542096582,1.0855124804872394,1.4323681318170465,SC14,0.6730838776073883
P17,2025-01-01,1.0192271844007457,0.6546114933431004,1.0192271844007457,1.376032665270161,SC14,0.7214211719270607
P18,2025-01-01,1.0993184525521555,0.8698159996251068,1.0993184525521555,1.331848067621302,SC14,0.46203206799619523
P19,2025-01-01,1.1447832091379295,0.8306895799105545,1.1447832091379295,1.4792586958200813,SC14,0.6485691159095268
P20,2025-01-01,0.8577542012098576,0.5728149290959513,0.8577542012098576,1.1361493616236562,SC14,0.5633344325277049
P21,2025-01-01,1.0804773804244598,0.8568005476279335,1.0804773804244598,1.288339896203193,SC14,0.43153934857525944
P22,2025-01-01,0.9927662287306088,0.7089151647398308,0.9927662287306088,1.2667721206042333,SC14,0.5578569558644024
P23,2025-01-01,1.1196549755794054,0.8724987780012522,1.1196549755794054,1.3688984457370297,SC14,0.4963996677357775
P24,2025-01-01,1.076439765464138,0.7990981029896385,1.076439765464138,1.352442591015396,SC14,0.5533444880257576
P25,2025-01-01,1.0993972260003373,0.842295598774643,1.0993972260003373,1.337825316920405,SC14,0.4955297181457621
P26,2025-01-01,1.131383620070947,0.7000548719952395,1.131383620070947,1.5784205636889506,SC14,0.878365691693711
P27,2025-01-01,1.0231277305990203,0.7605289200404861,1.0231277305990203,1.283322771950057,SC14,0.522793851909571
P28,2025-01-01,1.1797467629815974,0.9473803664366696,1.1797467629815974,1.4366597008001194,SC14,0.48927933436344984
P29,2025-01-01,1.0443452863254072,0.7838240536635032,1.0443452863254072,1.2944136169186171,SC14,0.510589563255114
P30,2025-01-01,1.0189396580395105,0.7573672897330443,1.0189396580395105,1.3023727727023242,SC14,0.5450054829692799
P31,2025-01-01,1.009092406244002,0.6404385758875721,1.009092406244002,1.3876698295863497,SC14,0.7472312536987775
P32,2025-01-01,0.7195744099540864,0.5117534542043665,0.7195744099540864,0.9161120432801096,SC14,0.4043585890757432
P33,2025-01-01,0.8462562950469776,0.5838702653925282,0.8462562950469776,1.097596329036334,SC14,0.5137260636438058
P34,2025-01-01,0.928349712949571,0.6506669541009745,0.928349712949571,1.2203385063184358,SC14,0.5696715522174612
P35,2025-01-01,0.9374178948384896,0.7297555328434284,0.9374178948384896,1.1405255257451707,SC14,0.4107699929017423
P36,2025-01-01,0.8327531104827035,0.5401843775867214,0.8327531104827035,1.1329488003593609,SC14,0.5927644227726394
P37,2025-01-01,0.7796282572729978,0.4819555630553976,0.7796282572729978,1.0791432972225516,SC14,0.5971877341671541
P38,2025-01-01,1.066781662214359,0.719612151249446,1.066781662214359,1.437270918429319,SC14,0.7176587671798731
P39,2025-01-01,1.2438413544294675,0.7652370130819073,1.2438413544294675,1.7443222440076762,SC14,0.9790852309257689
P40,2025-01-01,0.9757445001216586,0.7357227617843373,0.9757445001216586,1.2502875368799058,SC14,0.5145647750955685
P41,2025-01-01,0.9800451520932174,0.7538276265798803,0.9800451520932174,1.2058635949247694,SC14,0.452035968344889
P42,2025-01-01,1.0010577767781297,0.546987140927208,1.0010577767781297,1.4670906011920506,SC14,0.9201034602648426
P43,2025-01-01,0.9894230586281674,0.581187962732231,0.9894230586281674,1.3770591741743048,SC14,0.7958712114420738
P44,2025-01-01,0.944312216280428,0.5760320419917331,0.944312216280428,1.3093906503961208,SC14,0.7333586084043877
P45,2025-01-01,0.8987453480264604,0.6343522203544719,0.8987453480264604,1.1906165129452624,SC14,0.5562642925907905
P46,2025-01-01,0.94386491408826,0.688529681075027,0.94386491408826,1.2110483385527742,SC14,0.5225186574777472
P47,2025-01-01,0.9119013699165284,0.6280150288304305,0.9119013699165284,1.1971064733609045,SC14,0.569091444530474
P48,2025-01-01,0.9339983220839604,0.7024307989497262,0.9339983220839604,1.1930023630180884,SC14,0.4905715640683622
P49,2025-01-01,0.8517573152733546,0.5832585701188111,0.8517573152733546,1.138986660016302,SC14,0.555728089897491
P50,2025-01-01,0.9928884567118548,0.7461068729827098,0.9928884567118548,1.2309353050601413,SC14,0.4848284320774314
P51,2025-01-01,1.0648486482537605,0.7969442561994646,1.0648486482537605,1.3089950019884091,SC14,0.5120507457889445
P52,2025-01-01,0.9350564136920504,0.6509905739198703,0.9350564136920504,1.1902986440624486,SC14,0.5393080701425783
P53,2025-01-01,1.0256885877504938,0.7652956594757683,1.0256885877504938,1.272724712915971,SC14,0.5074290534402026
P54,2025-01-01,0.8874273343346208,0.6327139113902696,0.8874273343346208,1.161381897285703,SC14,0.5286679858954335
P55,2025-01-01,0.8887352233768049,0.6703738123966246,0.8887352233768049,1.0939763236965336,SC14,0.423602511299909
P56,2025-01-01,1.0940129527611644,0.8698708922802196,1.0940129527611644,1.2875481472350592,SC14,0.41767725495483954
P57,2025-01-01,0.9907218498046696,0.7326022281654134,0.9907218498046696,1.274520744788502,SC14,0.5419185166230887
P58,2025-01-01,0.8452291945271097,0.6303667687665654,0.8452291945271097,1.0818493623672496,SC14,0.4514825936006842
P59,2025-01-01,0.9572485999138938,0.671862490166,0.9572485999138938,1.2231135397074977,SC14,0.5512510495414977
P60,2025-01-01,1.0485615899837186,0.773334588678909,1.0485615899837186,1.2967833925664438,SC14,0.5234488038875348
P61,2025-01-01,1.2170517574570474,0.917308245109314,1.2170517574570474,1.5175696434155956,SC14,0.6002613983062817
P62,2025-01-01,1.0069375524555224,0.7670640108502889,1.0069375524555224,1.250546527641731,SC14,0.48348251679144205
P63,2025-01-01,0.9086068421904632,0.6403370154696175,0.9086068421904632,1.1874939348237028,SC14,0.5471569193540853
P01,2025-01-01,0.9946611345587072,0.7254935482173157,0.9946611345587072,1.2838844265815417,SC21,0.558390878364226
P02,2025-01-01,0.8989292907446618,0.6917598030583986,0.8989292907446618,1.1306527144057612,SC21,0.43889291134736264
P03,2025-01-01,0.908071403428808,0.6129425827642305,0.908071403428808,1.236562720737644,SC21,0.6236201379734134
P04,2025-01-01,0.9474166546323586,0.7583635733073391,0.9474166546323586,1.1546554464918315,SC21,0.39629187318449244
P05,2025-01-01,0.8636139802789473,0.6792252641128843,0.8636139802789473,1.0787727207297306,SC21,0.3995474566168463
P06,2025-01-01,0.852507187468285,0.6502577472968066,0.852507187468285,1.0857267558928658,SC21,0.4354690085960592
P07,2025-01-01,0.8852919418846377,0.6667295437752627,0.8852919418846377,1.1348722460265153,SC21,0.46814270225125254
P08,2025-01-01,0.887407756959594,0.7043892197315733,0.887407756959594,1.0907431445816251,SC21,0.3863539248500518
P09,2025-01-01,0.8589966831284961,0.6464760290517968,0.8589966831284961,1.1032719491965413,SC21,0.45679592014474446
P10,2025-01-01,0.8712509660570827,0.6411691433881603,0.8712509660570827,1.1360377668381365,SC21,0.4948686234499762
P11,2025-01-01,0.8882974696400201,0.6494380345754394,0.8882974696400201,1.1574141697880926,SC21,0.5079761352126533
P12,2025-01-01,1.0169125893348008,0.724571660907222,1.0169125893348008,1.3371061200654075,SC21,0.6125344591581855
P13,2025-01-01,0.9092988444741184,0.7330473122481048,0.9092988444741184,1.11120496459481,SC21,0.3781576523467053
P14,2025-01-01,0.859665794672349,0.6938760966966891,0.859665794672349,1.0496260860065854,SC21,0.3557499893098962
P15,2025-01-01,0.854016592540227,0.6650151950174747,0.854016592540227,1.0727462452976375,SC21,0.40773105028016277
P16,2025-01-01,0.9615195723739748,0.7351653358196861,0.9615195723739748,1.2147462752465727,SC21,0.4795809394268866
P17,2025-01-01,0.893361209563556,0.6974141890202941,0.893361209563556,1.110268102859246,SC21,0.412853913838952
P18,2025-01-01,0.837061467596133,0.6350770531909664,0.837061467596133,1.0681424458136448,SC21,0.4330653926226784
P19,2025-01-01,0.8354807759792859,0.6401857087010339,0.8354807759792859,1.061984799871675,SC21,0.42179909117064107
P20,2025-01-01,0.8673506265228736,0.638798738895652,0.8673506265228736,1.1269403942578555,SC21,0.48814165536220355
P21,2025-01-01,0.8988215465825307,0.6715626756289678,0.8988215465825307,1.1470321151389615,SC21,0.47546943950999376
P22,2025-01-01,0.9373159042402032,0.7269462171286869,0.9373159042402032,1.175907347571583,SC21,0.4489611304428962
P23,2025-01-01,0.784469167423713,0.6241499049897816,0.784469167423713,0.9719540630182654,SC21,0.34780415802848375
P24,2025-01-01,0.871955081415021,0.6627852860865543,0.871955081415021,1.1126166993065991,SC21,0.44983141322004483
P25,2025-01-01,0.8377875921618569,0.649588613058586,0.8377875921618569,1.056319107236084,SC21,0.40673049417749807
P26,2025-01-01,0.855219624193576,0.6699822400595067,0.855219624193576,1.07275602027337,SC21,0.40277378021386323
P27,2025-01-01,0.7871779736640956,0.6382082251402046,0.7871779736640956,0.9622136333543564,SC21,0.3240054082141518
P28,2025-01-01,0.8711667672813668,0.6641036781228002,0.8711667672813668,1.1137111240486357,SC21,0.44960744592583546
P29,2025-01-01,0.9085288107633548,0.6987073729187085,0.9085288107633548,1.1500412168085652,SC21,0.45133384388985665
P30,2025-01-01,0.9421510201262387,0.729888199236662,0.9421510201262387,1.1819516544259787,SC21,0.4520634551893167
P31,2025-01-01,0.902642283599654,0.6623330196011118,0.902642283599654,1.1657253871315252,SC21,0.5033923675304134
P32,2025-01-01,0.9002995073087792,0.6732370038663573,0.9002995073087792,1.158877094958259,SC21,0.48564009109190165
P33,2025-01-01,0.7992795108587798,0.6174158897858025,0.7992795108587798,1.0078049107319464,SC21,0.3903890209461439
P34,2025-01-01,0.8855528142869731,0.6337879423214923,0.8855528142869731,1.1674036857710866,SC21,0.5336157434495943
P35,2025-01-01,0.8748789640450261,0.667160550146515,0.8748789640450261,1.1113154797355749,SC21,0.4441549295890599
P36,2025-01-01,0.8311625814899614,0.6251663308069663,0.8311625814899614,1.0621157709836029,SC21,0.4369494401766366
P37,2025-01-01,0.8489631450888795,0.6327715350951263,0.8489631450888795,1.0845047566710966,SC21,0.4517332215759703
P38,2025-01-01,0.8751062469255934,0.6765416859473933,0.8751062469255934,1.09414674682,SC21,0.4176050608726066
P39,2025-01-01,0.9478100826922872,0.6688426998662933,0.9478100826922872,1.2460197875906676,SC21,0.5771770877243743
P40,2025-01-01,0.8143868584775767,0.6568790284836457,0.8143868584775767,0.9946832801544188,SC21,0.3378042516707731
P41,2025-01-01,0.7931389837765878,0.6432404218592234,0.7931389837765878,0.9706724587957444,SC21,0.327432036936521
P42,2025-01-01,0.8502902266520079,0.6495858669963055,0.8502902266520079,1.0784525248372614,SC21,0.4288666578409559
P43,2025-01-01,0.8217021825077558,0.6228033701360998,0.8217021825077558,1.0527321564201586,SC21,0.42992878628405884
P44,2025-01-01,0.7997152601109313,0.6156127856491506,0.7997152601109313,1.0084407188032305,SC21,0.39282793315407993
P45,2025-01-01,0.8526135900894165,0.6667200056096493,0.8526135900894165,1.066132034043783,SC21,0.3994120284341337
P46,2025-01-01,0.8989900459991534,0.6388428391344539,0.8989900459991534,1.1801599116589714,SC21,0.5413170725245174
P47,2025-01-01,0.9316698004976128,0.7138891610558211,0.9316698004976128,1.172121830264235,SC21,0.458232669208414
P48,2025-01-01,0.841557870493545,0.671337430753645,0.841557870493545,1.0346430207730244,SC21,0.36330559001937934
P49,2025-01-01,0.9436312546952468,0.6648748864928886,0.9436312546952468,1.2534548978741265,SC21,0.5885800113812378
P50,2025-01-01,0.9149731929545416,0.7045814468568463,0.9149731929545416,1.1525886974517237,SC21,0.44800725059487734
P51,2025-01-01,0.871527525972824,0.647868060940194,0.871527525972824,1.123941823228512,SC21,0.4760737622883181
P52,2025-01-01,0.8920399982235665,0.644274483680089,0.8920399982235665,1.1647302790393503,SC21,0.5204557953592613
P53,2025-01-01,0.821587876508674,0.6089555726051779,0.821587876508674,1.0638441321750849,SC21,0.45488855956990704
P54,2025-01-01,0.7642338905517947,0.5873241263570209,0.7642338905517947,0.9658789266772632,SC21,0.37855480032024225
P55,2025-01-01,0.8307828852472315,0.6648625363659292,0.8307828852472315,1.022658284380912,SC21,0.3577957480149828
P56,2025-01-01,0.8550156148013839,0.66483727090378,0.8550156148013839,1.0720856074683665,SC21,0.4072483365645865
P57,2025-01-01,0.7629028739405918,0.5842370880991326,0.7629028739405918,0.9705339802201975,SC21,0.386296892121065
P58,2025-01-01,0.7759149105739159,0.5954169596272202,0.7759149105739159,0.9802336603647106,SC21,0.3848167007374904
P59,2025-01-01,0.850578098627054,0.6116242212532645,0.850578098627054,1.1213239042251089,SC21,0.5096996829718443
P60,2025-01-01,0.8359729835274894,0.5699181958177767,0.8359729835274894,1.130023690114625,SC21,0.5601054942968483
P61,2025-01-01,0.8037610387340781,0.6174578471399321,0.8037610387340781,1.0105129019820909,SC21,0.39305505484215875
P62,2025-01-01,0.8531837911875909,0.5603756866356124,0.8531837911875909,1.1617304574890277,SC21,0.6013547708534153
P63,2025-01-01,0.842048322319859,0.6083162823165389,0.842048322319859,1.1032880474480533,SC21,0.4949717651315144
P01,2025-01-01,1.701771478791263,1.5078863462915757,1.701771478791263,1.8932249331150244,SC22,0.3853385868234487
P02,2025-01-01,1.6993971187231602,1.511175463434721,1.6993971187231602,1.888559078112113,SC22,0.3773836146773921
P03,2025-01-01,1.663881933432357,1.4774950464202847,1.663881933432357,1.8815437733329177,SC22,0.40404872691263294
P04,2025-01-01,1.752450481046256,1.6016953094451705,1.752450481046256,1.9151769807568444,SC22,0.3134816713116739
P05,2025-01-01,1.6957803222789658,1.5248617744716846,1.6957803222789658,1.8841151215370235,SC22,0.35925334706533896
P06,2025-01-01,1.7851724176626411,1.6436114666718902,1.7851724176626411,1.9636963497284403,SC22,0.32008488305655014
P07,2025-01-01,1.651437749694679,1.51033072975952,1.651437749694679,1.83411449326575,SC22,0.32378376350622995
P08,2025-01-01,1.642777943657001,1.5428302991394285,1.642777943657001,1.755422524156086,SC22,0.21259222501665742
P09,2025-01-01,1.7491728952256762,1.607900922962746,1.7491728952256762,1.9284811149804435,SC22,0.3205801920176976
P10,2025-01-01,1.6514819236344258,1.49054424886506,1.6514819236344258,1.8648608087035217,SC22,0.3743165598384617
P11,2025-01-01,1.7341958571360463,1.590674713486694,1.7341958571360463,1.912547037544775,SC22,0.32187232405808097
P12,2025-01-01,1.872869855498982,1.721289945749824,1.872869855498982,2.0305736601482245,SC22,0.3092837143984004
P13,2025-01-01,1.7838534355962006,1.6035546392813675,1.7838534355962006,2.0021061777563998,SC22,0.3985515384750322
P14,2025-01-01,1.880485292662319,1.6455258540825746,1.880485292662319,2.148974497444037,SC22,0.5034486433614624
P15,2025-01-01,1.832687342239568,1.6486906394377596,1.832687342239568,1.998746226424748,SC22,0.35005558698698835
P16,2025-01-01,1.8165691905801435,1.6533803734601769,1.8165691905801435,1.9896610817560196,SC22,0.3362807082958428
P17,2025-01-01,1.734441836192803,1.573564884124781,1.734441836192803,1.9293345327383349,SC22,0.355769648613554
P18,2025-01-01,1.864233510009572,1.633871842324646,1.864233510009572,2.070220546200214,SC22,0.4363487038755678
P19,2025-01-01,1.6870445072181552,1.5261416594487194,1.6870445072181552,1.867680858597487,SC22,0.3415391991487675
P20,2025-01-01,1.7465106188907331,1.582198809346055,1.7465106188907331,1.9407481884661577,SC22,0.35854937912010265
P21,2025-01-01,1.7033556533617344,1.5122187271537937,1.7033556533617344,1.906880450864889,SC22,0.3946617237110954
P22,2025-01-01,1.7722569366068817,1.5901041002194811,1.7722569366068817,1.9697258683464551,SC22,0.379621768126974
P23,2025-01-01,1.7817475355826995,1.6542790614998502,1.7817475355826995,1.9367445224414477,SC22,0.2824654609415975
P24,2025-01-01,1.799514865903166,1.6220023012046882,1.799514865903166,1.990229181118535,SC22,0.36822687991384684
P25,2025-01-01,1.726832897297923,1.5972426296962237,1.726832897297923,1.8679933062150824,SC22,0.27075067651885876
P26,2025-01-01,1.805111563154491,1.648925134575013,1.805111563154491,1.975806568127096,SC22,0.3268814335520829
P27,2025-01-01,1.7820637048306962,1.6364513209204727,1.7820637048306962,1.9194196672047124,SC22,0.2829683462842396
P28,2025-01-01,1.879020775134383,1.688951889385247,1.879020775134383,2.083331658930155,SC22,0.39437976954490805
P29,2025-01-01,1.7937412936877295,1.6164473770683172,1.7937412936877295,1.999215330447456,SC22,0.3827679533791388
P30,2025-01-01,1.7531311855489382,1.618825901300867,1.7531311855489382,1.943914132419938,SC22,0.32508823111907104
P31,2025-01-01,1.7094301440124045,1.5167694073948683,1.7094301440124045,1.8972411154782016,SC22,0.3804717080833333
P32,2025-01-01,1.64973886973813,1.515133849315195,1.64973886973813,1.8370867016024868,SC22,0.32195285228729187
P33,2025-01-01,1.6387658593152776,1.4581974233912425,1.6387658593152776,1.8594628797434405,SC22,0.401265456352198
P34,2025-01-01,1.6960263984910222,1.4838766650387998,1.6960263984910222,1.9491903788838567,SC22,0.46531371384505693
P35,2025-01-01,1.7589612196729216,1.5875358780730302,1.7589612196729216,1.954229278830959,SC22,0.3666934007579288
P36,2025-01-01,1.4835832312428932,1.378442263464526,1.4835832312428932,1.6042264957074328,SC22,0.2257842322429069
P37,2025-01-01,1.723129231694655,1.530163138320961,1.723129231694655,1.8972324107743448,SC22,0.3670692724533837
P38,2025-01-01,1.7369478743675484,1.514468945243877,1.7369478743675484,1.939603819600448,SC22,0.4251348743565708
P39,2025-01-01,1.7510840755344363,1.5040674232825997,1.7510840755344363,1.995267096747608,SC22,0.49119967346500837
P40,2025-01-01,1.4717185603389744,1.3216978171003824,1.4717185603389744,1.6437698581403737,SC22,0.3220720410399913
P41,2025-01-01,1.637738341778095,1.458335764205398,1.637738341778095,1.8454355410568009,SC22,0.38709977685140284
P42,2025-01-01,1.6808337695134543,1.476703743907829,1.6808337695134543,1.9281017762656545,SC22,0.4513980323578255
P43,2025-01-01,1.5517536201514703,1.3580394575712311,1.5517536201514703,1.7962052406031466,SC22,0.43816578303191545
P44,2025-01-01,1.433553291827553,1.2328766140272007,1.433553291827553,1.6756613738310822,SC22,0.44278475980388143
P45,2025-01-01,1.613565534537106,1.4182380014232387,1.613565534537106,1.871311201267421,SC22,0.45307319984418215
P46,2025-01-01,1.7432959626102464,1.4950039355932656,1.7432959626102464,2.020370923577651,SC22,0.5253669879843854
P47,2025-01-01,1.7863686961536087,1.6273241719827092,1.7863686961536087,1.9717426901543056,SC22,0.3444185181715964
P48,2025-01-01,1.5654330782346393,1.4096920277812772,1.5654330782346393,1.7619462685650815,SC22,0.3522542407838043
P49,2025-01-01,1.737198128932102,1.5354794543429922,1.737198128932102,1.966643762511309,SC22,0.43116430816831675
P50,2025-01-01,1.6613918115929145,1.5424269093864662,1.6613918115929145,1.814363342640524,SC22,0.2719364332540577
P51,2025-01-01,1.6509919618663014,1.505498593949944,1.6509919618663014,1.852887012427741,SC22,0.3473884184777971
P52,2025-01-01,1.6512324349064105,1.4083596788477073,1.6512324349064105,1.9128732478942243,SC22,0.504513569046517
P53,2025-01-01,1.6497417387829922,1.520177841495471,1.6497417387829922,1.8257608296795125,SC22,0.3055829881840415
P54,2025-01-01,1.5004571201791912,1.3394669526514378,1.5004571201791912,1.692408207414959,SC22,0.3529412547635211
P55,2025-01-01,1.6604996561919727,1.4720867227493573,1.6604996561919727,1.875213130499056,SC22,0.40312640774969877
P56,2025-01-01,1.617177659739178,1.4556584031689477,1.617177659739178,1.8345047428284205,SC22,0.3788463396594728
P57,2025-01-01,1.6738014301782926,1.516720120739446,1.6738014301782926,1.8429689856307805,SC22,0.3262488648913344
P58,2025-01-01,1.3864479887467398,1.1742738077574806,1.3864479887467398,1.6395847489863349,SC22,0.4653109412288543
P59,2025-01-01,1.4255067392317915,1.2403127713031503,1.4255067392317915,1.6744617203106484,SC22,0.4341489490074981
P60,2025-01-01,1.6113419468261032,1.438195849949425,1.6113419468261032,1.8165853775214555,SC22,0.3783895275720306
P61,2025-01-01,1.7031449086893953,1.51321644168979,1.7031449086893953,1.8770421895553773,SC22,0.3638257478655873
P62,2025-01-01,1.5759091593286152,1.3656545384538736,1.5759091593286152,1.8385595129041816,SC22,0.472904974450308
P63,2025-01-01,1.6307712040350166,1.4373279392656797,1.6307712040350166,1.8511090250883044,SC22,0.41378108582262474
P01,2025-01-01,1.4502746277810985,1.3073011524305629,1.4502746277810985,1.5844771716420945,SC23,0.27717601921153157
P02,2025-01-01,1.371777136832224,1.2315507029412758,1.371777136832224,1.4787631615729044,SC23,0.24721245863162866
P03,2025-01-01,1.2864854688888296,1.1522016560504742,1.2864854688888296,1.433704409632106,SC23,0.2815027535816319
P04,2025-01-01,1.3556119104557307,1.1616311430357242,1.3556119104557307,1.495606741071486,SC23,0.3339755980357617
P05,2025-01-01,1.3658383267541137,1.207098868154982,1.3658383267541137,1.520917928311337,SC23,0.3138190601563551
P06,2025-01-01,1.3708573415317544,1.2139118754123803,1.3708573415317544,1.520547456107702,SC23,0.3066355806953216
P07,2025-01-01,1.2855482387391794,1.1372934800841077,1.2855482387391794,1.4089954557348676,SC23,0.27170197565075993
P08,2025-01-01,1.3316098613687093,1.202660589089302,1.3316098613687093,1.4669094922462764,SC23,0.26424890315697436
P09,2025-01-01,1.3103846733758615,1.1808127099872598,1.3103846733758615,1.4362854968342291,SC23,0.2554727868469693
P10,2025-01-01,1.3177599730245388,1.1587181697542377,1.3177599730245388,1.4490364632330388,SC23,0.2903182934788011
P11,2025-01-01,1.318432182665955,1.1699766519031938,1.318432182665955,1.4715043560591776,SC23,0.30152770415598384
P12,2025-01-01,1.4387720355101412,1.286268145405734,1.4387720355101412,1.6031531108111357,SC23,0.31688496540540156
P13,2025-01-01,1.3602046022172405,1.216482066041328,1.3602046022172405,1.4963268022099514,SC23,0.2798447361686234
P14,2025-01-01,1.4660110612792725,1.3084147385322589,1.4660110612792725,1.6077039663053472,SC23,0.2992892277730883
P15,2025-01-01,1.3667191709118784,1.21269402004749,1.3667191709118784,1.5404317253793005,SC23,0.32773770533181046
P16,2025-01-01,1.4407881501765076,1.2929100299171252,1.4407881501765076,1.6006914287689458,SC23,0.30778139885182054
P17,2025-01-01,1.3566126937589698,1.1938710424330166,1.3566126937589698,1.5044757303413725,SC23,0.31060468790835594
P18,2025-01-01,1.4547737920492854,1.2997858575425294,1.4547737920492854,1.610536152366075,SC23,0.31075029482354566
P19,2025-01-01,1.3363596186495217,1.167228466352575,1.3363596186495217,1.5183151127818657,SC23,0.35108664642929077
P20,2025-01-01,1.3965691849917616,1.2385005562884674,1.3965691849917616,1.5445791872528112,SC23,0.30607863096434373
P21,2025-01-01,1.3917958633591043,1.240330745131581,1.3917958633591043,1.5232209248450297,SC23,0.28289017971344865
P22,2025-01-01,1.4374166425407395,1.2608441746852126,1.4374166425407395,1.5922269154376665,SC23,0.3313827407524539
P23,2025-01-01,1.364909966606116,1.2156240711698616,1.364909966606116,1.5078426507297873,SC23,0.2922185795599257
P24,2025-01-01,1.3955796110485674,1.2134804004938688,1.3955796110485674,1.5732262069815834,SC23,0.3597458064877146
P25,2025-01-01,1.4218379523084854,1.2512607300294254,1.4218379523084854,1.5681709493817486,SC23,0.3169102193523232
P26,2025-01-01,1.4756464826303566,1.320837750400214,1.4756464826303566,1.6386496942067743,SC23,0.3178119438065603
P27,2025-01-01,1.3524961972555622,1.1981735057196656,1.3524961972555622,1.4983634692510537,SC23,0.30018996353138805
P28,2025-01-01,1.5250727357706997,1.3721521682214992,1.5250727357706997,1.7052358033613706,SC23,0.3330836351398714
P29,2025-01-01,1.3903323757860062,1.227123198294886,1.3903323757860062,1.5408009955234474,SC23,0.3136777972285614
P30,2025-01-01,1.408391099187519,1.2495152473377125,1.408391099187519,1.5800533911822114,SC23,0.330538143844499
P31,2025-01-01,1.3823415663102967,1.2474868299118649,1.3823415663102967,1.5233019102761405,SC23,0.2758150803642756
P32,2025-01-01,1.308537426325988,1.1275160464016285,1.308537426325988,1.4612939677932395,SC23,0.333777921391611
P33,2025-01-01,1.288027757976576,1.1320105773131386,1.288027757976576,1.4220627768941327,SC23,0.29005219958099415
P34,2025-01-01,1.311095142428437,1.1436986882150146,1.311095142428437,1.4794223599262244,SC23,0.33572367171120976
P35,2025-01-01,1.3968475646180765,1.2301107067516797,1.3968475646180765,1.5514882219171706,SC23,0.32137751516549096
P36,2025-01-01,1.3368866063734752,1.1620656281098585,1.3368866063734752,1.5126234522691773,SC23,0.3505578241593188
P37,2025-01-01,1.3795192196706545,1.217361384536292,1.3795192196706545,1.5353632362924758,SC23,0.3180018517561838
P38,2025-01-01,1.4262997916168467,1.29632426639557,1.4262997916168467,1.5748797707847282,SC23,0.2785555043891581
P39,2025-01-01,1.4276490330519849,1.2989633019527451,1.4276490330519849,1.5727881760554725,SC23,0.2738248741027274
P40,2025-01-01,1.2116499644395478,1.0728300999372515,1.2116499644395478,1.3664653850579482,SC23,0.2936352851206967
P41,2025-01-01,1.3038896542367406,1.1481936750254509,1.3038896542367406,1.456208825588581,SC23,0.3080151505631301
P42,2025-01-01,1.327479377845946,1.1715136961541937,1.327479377845946,1.4826361668902728,SC23,0.3111224707360791
P43,2025-01-01,1.204321906988118,1.029724921279478,1.204321906988118,1.3503041779550513,SC23,0.3205792566755734
P44,2025-01-01,1.3126083493342071,1.1599269872111029,1.3126083493342071,1.4501647368994637,SC23,0.2902377496883608
P45,2025-01-01,1.2827337098279517,1.1437402086038526,1.2827337098279517,1.4461525859717683,SC23,0.3024123773679157
P46,2025-01-01,1.416141178027834,1.2490301182555057,1.416141178027834,1.578402237295871,SC23,0.32937211904036534
P47,2025-01-01,1.359495798479972,1.1954102543469662,1.359495798479972,1.521877631442839,SC23,0.3264673770958728
P48,2025-01-01,1.2881256285080762,1.130602719141554,1.2881256285080762,1.4620264971621264,SC23,0.33142377802057243
P49,2025-01-01,1.3958787011187497,1.243472676411343,1.3958787011187497,1.5555286964948332,SC23,0.3120560200834901
P50,2025-01-01,1.369336165245454,1.2262756751514483,1.369336165245454,1.4970194626435238,SC23,0.2707437874920755
P51,2025-01-01,1.3135407357847029,1.1463905598390531,1.3135407357847029,1.4504363026151554,SC23,0.3040457427761023
P52,2025-01-01,1.3095681088173117,1.116825143952248,1.3095681088173117,1.4602236261294048,SC23,0.34339848217715674
P53,2025-01-01,1.328239520378386,1.1512801459966842,1.328239520378386,1.486763344572514,SC23,0.33548319857582976
P54,2025-01-01,1.2285136112627266,1.0599820923493013,1.2285136112627266,1.3982374529107826,SC23,0.3382553605614813
P55,2025-01-01,1.310461466023782,1.12617926117074,1.310461466023782,1.470108144880789,SC23,0.3439288837100489
P56,2025-01-01,1.3092020354275502,1.149604843434968,1.3092020354275502,1.4431082023255797,SC23,0.29350335889061174
P57,2025-01-01,1.270676451363716,1.1132303198388995,1.270676451363716,1.4404661644963803,SC23,0.3272358446574808
P58,2025-01-01,1.2403644573267487,1.1094372133474402,1.2403644573267487,1.387270705934788,SC23,0.2778334925873478
P59,2025-01-01,1.294406661898273,1.1149747882372056,1.294406661898273,1.4468609778478116,SC23,0.331886189610606
P60,2025-01-01,1.2925931752721889,1.1130544550201638,1.2925931752721889,1.4463948691000952,SC23,0.3333404140799314
P61,2025-01-01,1.3747931544086818,1.202349435882337,1.3747931544086818,1.5287685086746132,SC23,0.3264190727922762
P62,2025-01-01,1.3613238379581758,1.2144937939702816,1.3613238379581758,1.503270866790278,SC23,0.28877707281999654
P63,2025-01-01,1.3211955704497014,1.1488067445848422,1.3211955704497014,1.4845706032615114,SC23,0.33576385867666914
P01,2025-01-01,1.3861950337112152,1.2957613145644251,1.3861950337112152,1.485358061701618,SC24,0.18959674713719288
P02,2025-01-01,1.3327562690468078,1.2318633856752808,1.3327562690468078,1.4304647742712095,SC24,0.1986013885959288
P03,2025-01-01,1.311231842724501,1.1940760282888343,1.311231842724501,1.4209942821210668,SC24,0.22691825383223252
P04,2025-01-01,1.3660995006142211,1.2664497506000003,1.3660995006142211,1.4583615678329171,SC24,0.19191181723291684
P05,2025-01-01,1.362252074554593,1.2587732671315952,1.362252074554593,1.4732737305646266,SC24,0.21450046343303142
P06,2025-01-01,1.3147979437657928,1.2043878108102857,1.3147979437657928,1.4212205259858264,SC24,0.2168327151755407
P07,2025-01-01,1.3373814045846284,1.2356414554351831,1.3373814045846284,1.4365407259350396,SC24,0.20089927049985645
P08,2025-01-01,1.3678373157422028,1.2772262471522966,1.3678373157422028,1.4630321454281094,SC24,0.18580589827581284
P09,2025-01-01,1.3655207574384125,1.247993815399374,1.3655207574384125,1.475203519608753,SC24,0.22720970420937903
P10,2025-01-01,1.3310437680098022,1.2295914882689534,1.3310437680098022,1.431088156238734,SC24,0.20149666796978072
P11,2025-01-01,1.3816312194128602,1.2706430250375855,1.3816312194128602,1.495924178416545,SC24,0.22528115337895938
P12,2025-01-01,1.4469760656904298,1.3232486327559163,1.4469760656904298,1.5841688435307963,SC24,0.26092021077488003
P13,2025-01-01,1.369407898154178,1.2525131078364713,1.369407898154178,1.485580771915526,SC24,0.23306766407905477
P14,2025-01-01,1.394759720636264,1.2668106565844872,1.394759720636264,1.5454771927481148,SC24,0.2786665361636276
P15,2025-01-01,1.361475652374533,1.2458620551149702,1.361475652374533,1.4990211959117143,SC24,0.2531591407967442
P16,2025-01-01,1.3954258918650513,1.2903935858622464,1.3954258918650513,1.507737206494794,SC24,0.21734362063254764
P17,2025-01-01,1.3525981314272744,1.257590899960562,1.3525981314272744,1.4474699113387344,SC24,0.1898790113781723
P18,2025-01-01,1.389115661315854,1.278254496131969,1.389115661315854,1.5174000986326124,SC24,0.23914560250064332
P19,2025-01-01,1.353004521106418,1.232010982685627,1.353004521106418,1.4894711570899988,SC24,0.25746017440437186
P20,2025-01-01,1.3447072864505554,1.2326839909657057,1.3447072864505554,1.4694372491202348,SC24,0.23675325815452908
P21,2025-01-01,1.4179178775265655,1.3106267011639294,1.4179178775265655,1.54377420200436,SC24,0.23314750084043068
P22,2025-01-01,1.4129445016041229,1.3038171236844822,1.4129445016041229,1.5253446811614133,SC24,0.2215275574769311
P23,2025-01-01,1.324812537503958,1.2124572217264296,1.324812537503958,1.4384737016415483,SC24,0.22601647991511875
P24,2025-01-01,1.415915751393945,1.2803417965921418,1.415915751393945,1.558180804408945,SC24,0.27783900781680315
P25,2025-01-01,1.4194487810110474,1.291954795980652,1.4194487810110474,1.5493449226328582,SC24,0.25739012665220606
P26,2025-01-01,1.3469056844864746,1.233672795689169,1.3469056844864746,1.459324433440793,SC24,0.225651637751624
P27,2025-01-01,1.3427860320482208,1.2463807413595651,1.3427860320482208,1.449376773052352,SC24,0.2029960316927868
P28,2025-01-01,1.4400334179217438,1.300303821816832,1.4400334179217438,1.5759268590889113,SC24,0.2756230372720794
P29,2025-01-01,1.3977145731088654,1.2544082306535176,1.3977145731088654,1.545262948330555,SC24,0.2908547176770375
P30,2025-01-01,1.406934225634552,1.2955960129392985,1.406934225634552,1.5146291342202325,SC24,0.219033121280934
P31,2025-01-01,1.361229139558072,1.2460513187345326,1.361229139558072,1.4812965380087932,SC24,0.23524521927426068
P32,2025-01-01,1.325335514580792,1.219209137204372,1.325335514580792,1.4372932974776518,SC24,0.2180841602732797
P33,2025-01-01,1.3046846448739895,1.1806672338970945,1.3046846448739895,1.4233455503376942,SC24,0.24267831644059967
P34,2025-01-01,1.400359565037686,1.2713946822561135,1.400359565037686,1.5173243787970798,SC24,0.2459296965409663
P35,2025-01-01,1.4256191550785795,1.2940706421067714,1.4256191550785795,1.5586415419040716,SC24,0.2645708997973002
P36,2025-01-01,1.2900850654224305,1.198832038082877,1.2900850654224305,1.3864906907853984,SC24,0.18765865270252147
P37,2025-01-01,1.3751362620960603,1.262528251011651,1.3751362620960603,1.5028391196675148,SC24,0.24031086865586393
P38,2025-01-01,1.3426655292929932,1.2365813352844406,1.3426655292929932,1.4601883910757465,SC24,0.2236070557913059
P39,2025-01-01,1.4514297783611725,1.3195361301830313,1.4514297783611725,1.6053280755823969,SC24,0.2857919453993656
P40,2025-01-01,1.3113285481631438,1.2094865037474745,1.3113285481631438,1.4215716735448092,SC24,0.21208516979733472
P41,2025-01-01,1.3311007560108186,1.2181634685717588,1.3311007560108186,1.4408768813118928,SC24,0.222713412740134
P42,2025-01-01,1.3890577137207427,1.2815425141175931,1.3890577137207427,1.5033582166781558,SC24,0.2218157025605627
P43,2025-01-01,1.2865847051459076,1.1763074715590978,1.2865847051459076,1.3950377534805278,SC24,0.21873028192143007
P44,2025-01-01,1.3045438766047364,1.218454619146713,1.3045438766047364,1.40107039910125,SC24,0.18261577995453715
P45,2025-01-01,1.3057061671643675,1.204247892963323,1.3057061671643675,1.4124777633134642,SC24,0.2082298703501413
P46,2025-01-01,1.4305016697181363,1.289909261388814,1.4305016697181363,1.5743888290955474,SC24,0.28447956770673355
P47,2025-01-01,1.453588193703244,1.3088979731381882,1.453588193703244,1.6142333855817763,SC24,0.3053354124435881
P48,2025-01-01,1.3237049699362975,1.2300868892646668,1.3237049699362975,1.414956403483638,SC24,0.18486951421897113
P49,2025-01-01,1.4131047845582458,1.2932296391689198,1.4131047845582458,1.5314128195282986,SC24,0.2381831803593788
P50,2025-01-01,1.3281154156375976,1.24371853431715,1.3281154156375976,1.4134512340260308,SC24,0.16973269970888083
P51,2025-01-01,1.3569122731902192,1.2279143623894908,1.3569122731902192,1.4836577393660466,SC24,0.2557433769765558
P52,2025-01-01,1.3780020780653817,1.253901608867954,1.3780020780653817,1.508785434936187,SC24,0.2548838260682331
P53,2025-01-01,1.2652084349720338,1.1209174978410636,1.2652084349720338,1.4156953345320504,SC24,0.2947778366909868
P54,2025-01-01,1.349845999470871,1.231487478162728,1.349845999470871,1.4653242008260494,SC24,0.23383672266332134
P55,2025-01-01,1.340933483900119,1.2373409780008409,1.340933483900119,1.4444326936291625,SC24,0.20709171562832163
P56,2025-01-01,1.3695826827833284,1.249010051031887,1.3695826827833284,1.4883746406732663,SC24,0.2393645896413794
P57,2025-01-01,1.3625985920038972,1.250738016727079,1.3625985920038972,1.468407373586219,SC24,0.21766935685914013
P58,2025-01-01,1.2753615200548372,1.1157249058711405,1.2753615200548372,1.4216836933920904,SC24,0.30595878752094996
P59,2025-01-01,1.3080688774319489,1.178318749624304,1.3080688774319489,1.4474559140092014,SC24,0.26913716438489743
P60,2025-01-01,1.3126547335585084,1.1830880344482098,1.3126547335585084,1.4344906506367938,SC24,0.25140261618858406
P61,2025-01-01,1.3890508233628571,1.2901180735239517,1.3890508233628571,1.4821721352373234,SC24,0.1920540617133717
P62,2025-01-01,1.424661135705066,1.2923460469874888,1.424661135705066,1.5749248518945669,SC24,0.2825788049070781
P63,2025-01-01,1.3917740643837189,1.2587190217092676,1.3917740643837189,1.5155285622001913,SC24,0.25680954049092364
P01,2025-01-01,1.972385914485809,1.8312029346330032,1.972385914485809,2.1332679761171405,SC31,0.30206504148413726
P02,2025-01-01,1.9563126712634769,1.8174119789332024,1.9563126712634769,2.1027112851797884,SC31,0.28529930624658606
P03,2025-01-01,1.9684599407924823,1.7284128091741144,1.9684599407924823,2.2275644952872087,SC31,0.49915168611309424
P04,2025-01-01,1.909678250548061,1.7808818870192056,1.909678250548061,2.067760536723439,SC31,0.28687864970423327
P05,2025-01-01,1.9094054007849683,1.7167955664335426,1.9094054007849683,2.1243582299455444,SC31,0.40756266351200177
P06,2025-01-01,1.9024748003314935,1.701078754005788,1.9024748003314935,2.122260310081882,SC31,0.4211815560760943
P07,2025-01-01,1.994451870958788,1.8527168266421692,1.994451870958788,2.149024414655518,SC31,0.296307588013349
P08,2025-01-01,1.9298514439266437,1.8118471812375616,1.9298514439266437,2.0533292011454494,SC31,0.24148201990788776
P09,2025-01-01,2.0199790623841927,1.879593722387556,2.0199790623841927,2.174676729288941,SC31,0.295083006901385
P10,2025-01-01,1.9311618073130448,1.737403238650791,1.9311618073130448,2.159023546012569,SC31,0.4216203073617779
P11,2025-01-01,1.9621788561472877,1.8086148197607208,1.9621788561472877,2.1291465615335263,SC31,0.3205317417728055
P12,2025-01-01,1.9808529602199507,1.807435742815667,1.9808529602199507,2.184431632897862,SC31,0.37699589008219503
P13,2025-01-01,1.9529511603536436,1.8256257826637168,1.9529511603536436,2.09707843175466,SC31,0.271452649090943
P14,2025-01-01,1.9613886245138763,1.8484096165400357,1.9613886245138763,2.081856315353814,SC31,0.23344669881377822
P15,2025-01-01,1.8853942494154865,1.769304069588827,1.8853942494154865,2.016377007367146,SC31,0.24707293777831896
P16,2025-01-01,1.985477894516425,1.7871851821777074,1.985477894516425,2.202404836753596,SC31,0.41521965457588883
P17,2025-01-01,1.967110830813074,1.8251310748069272,1.967110830813074,2.1206246071239008,SC31,0.2954935323169736
P18,2025-01-01,1.9318895516308048,1.7732550545620231,1.9318895516308048,2.1002149145738764,SC31,0.3269598600118533
P19,2025-01-01,1.9265228767175453,1.7156179259152458,1.9265228767175453,2.1618338731951225,SC31,0.4462159472798768
P20,2025-01-01,1.963639188906053,1.7925437764851977,1.963639188906053,2.151306093283619,SC31,0.3587623167984213
P21,2025-01-01,2.00880473721107,1.7836811604990388,2.00880473721107,2.241933336925725,SC31,0.45825217642668625
P22,2025-01-01,2.0494718361589204,1.8133776003200683,2.0494718361589204,2.2979576988326413,SC31,0.484580098512573
P23,2025-01-01,2.002759242554883,1.8254819709283523,2.002759242554883,2.2042282662575623,SC31,0.37874629532921
P24,2025-01-01,2.014838447606488,1.8667731618892112,2.014838447606488,2.1724319083201404,SC31,0.3056587464309293
P25,2025-01-01,1.963126739281072,1.804980372219177,1.963126739281072,2.141759908205683,SC31,0.336779535986506
P26,2025-01-01,1.8996042067223928,1.7227824263638754,1.8996042067223928,2.0916008081000825,SC31,0.3688183817362072
P27,2025-01-01,1.9768707643924888,1.8311667974698735,1.9768707643924888,2.138056248033969,SC31,0.30688945056409556
P28,2025-01-01,2.023730403998602,1.84179839019217,2.023730403998602,2.214756864702542,SC31,0.372958474510372
P29,2025-01-01,1.9647297791706315,1.824697520050027,1.9647297791706315,2.12445049554183,SC31,0.29975297549180313
P30,2025-01-01,1.9174271388357207,1.7602249052905918,1.9174271388357207,2.0919927865492083,SC31,0.33176788125861645
P31,2025-01-01,1.9516519754682096,1.7862284575124925,1.9516519754682096,2.1366974467921143,SC31,0.3504689892796218
P32,2025-01-01,2.0072982487341813,1.8383897339718784,2.0072982487341813,2.212460484018412,SC31,0.3740707500465337
P33,2025-01-01,1.829940840579921,1.704466477378045,1.829940840579921,1.9772514697033887,SC31,0.2727849923253438
P34,2025-01-01,2.0048944123713373,1.788293740786865,2.0048944123713373,2.257660604504629,SC31,0.4693668637177639
P35,2025-01-01,1.9460239992997097,1.7561424017654872,1.9460239992997097,2.17401197872709,SC31,0.417869576961603
P36,2025-01-01,1.9566729326591008,1.8099542647912443,1.9566729326591008,2.124637437738567,SC31,0.31468317294732273
P37,2025-01-01,2.036823046478114,1.894884315690305,2.036823046478114,2.1961113333543705,SC31,0.30122701766406546
P38,2025-01-01,2.026848152321502,1.8470114532106303,2.026848152321502,2.2099868295436407,SC31,0.36297537633301036
P39,2025-01-01,2.101373221359408,1.9536955785146377,2.101373221359408,2.251130008324394,SC31,0.2974344298097562
P40,2025-01-01,1.909690772902928,1.7794790258620017,1.909690772902928,2.0697345552469697,SC31,0.290255529384968
P41,2025-01-01,1.9201080081346429,1.8014310422428093,1.9201080081346429,2.050581448483264,SC31,0.2491504062404548
P42,2025-01-01,1.965896628153398,1.8380874253552557,1.965896628153398,2.1107649634083203,SC31,0.2726775380530646
P43,2025-01-01,1.9092934239895245,1.7645547220095137,1.9092934239895245,2.073679366608268,SC31,0.30912464459875433
P44,2025-01-01,2.037042937533034,1.905333338201648,2.037042937533034,2.1606059081269704,SC31,0.25527256992532243
P45,2025-01-01,1.9441519542072088,1.7436980416854957,1.9441519542072088,2.1715441561328377,SC31,0.427846114447342
P46,2025-01-01,2.034442281224397,1.8680098263344125,2.034442281224397,2.215273385449289,SC31,0.3472635591148767
P47,2025-01-01,1.967618260876835,1.7670608087616355,1.967618260876835,2.1705598093760816,SC31,0.4034990006144461
P48,2025-01-01,1.9727763967388832,1.832239288970384,1.9727763967388832,2.1265758359931306,SC31,0.2943365470227466
P49,2025-01-01,2.045156163277246,1.8794334777786368,2.045156163277246,2.225179016336432,SC31,0.3457455385577952
P50,2025-01-01,1.970699676034811,1.858073801418196,1.970699676034811,2.094187767004842,SC31,0.2361139655866462
P51,2025-01-01,1.9990740066206456,1.828046684647938,1.9990740066206456,2.1874192495165863,SC31,0.3593725648686483
P52,2025-01-01,1.9763341537897932,1.770587633851984,1.9763341537897932,2.223977031859965,SC31,0.45338939800798106
P53,2025-01-01,2.0224207518156927,1.80082271919959,2.0224207518156927,2.2614316853564773,SC31,0.4606089661568873
P54,2025-01-01,1.9958392489858288,1.838761863109032,1.9958392489858288,2.1749322213580253,SC31,0.33617035824899344
P55,2025-01-01,1.9280638491660969,1.749674178177734,1.9280638491660969,2.128729936575396,SC31,0.37905575839766215
P56,2025-01-01,2.0672939013056792,1.895850909694484,2.0672939013056792,2.257651652075962,SC31,0.3618007423814782
P57,2025-01-01,1.926363649717156,1.7722468593561231,1.926363649717156,2.0827605263571045,SC31,0.3105136670009814
P58,2025-01-01,1.9593240672996604,1.8005459060009072,1.9593240672996604,2.133140137748537,SC31,0.3325942317476298
P59,2025-01-01,1.943949417610751,1.7519062771095846,1.943949417610751,2.1516830636165256,SC31,0.39977678650694104
P60,2025-01-01,2.024440852116988,1.858575447754336,2.024440852116988,2.2173476619190167,SC31,0.35877221416468075
P61,2025-01-01,2.008456050010536,1.845895012787318,2.008456050010536,2.192221081984731,SC31,0.34632606919741304
P62,2025-01-01,2.1085207638260948,1.8910859384602905,2.1085207638260948,2.3161534861492967,SC31,0.42506754768900623
P63,2025-01-01,2.086351959581613,1.9589384547543185,2.086351959581613,2.2175201099949216,SC31,0.25858165524060306
P01,2025-01-01,1.0055524885113616,0.794690725353444,1.0055524885113616,1.2159521915153293,SC32,0.4212614661618853
P02,2025-01-01,0.953137659673505,0.7416415363803778,0.953137659673505,1.1665928642110546,SC32,0.4249513278306768
P03,2025-01-01,0.8516264728794847,0.6365437909489883,0.8516264728794847,1.0690646559821138,SC32,0.4325208650331255
P04,2025-01-01,1.0149929725453135,0.8066254348867996,1.0149929725453135,1.2259123405775323,SC32,0.4192869056907327
P05,2025-01-01,1.0315492320641473,0.8388413164365347,1.0315492320641473,1.2252229529503618,SC32,0.38638163651382706
P06,2025-01-01,1.0340578298809804,0.8121614315987566,1.0340578298809804,1.257504387231051,SC32,0.4453429556322943
P07,2025-01-01,0.93000214861671,0.7571689943451821,0.93000214861671,1.1051545242730612,SC32,0.347985529927879
P08,2025-01-01,0.8340087929905307,0.6839724555986123,0.8340087929905307,0.9863171686955436,SC32,0.30234471309693134
P09,2025-01-01,0.9768963323617778,0.7553928795992276,0.9768963323617778,1.201004635342959,SC32,0.44561175574373146
P10,2025-01-01,0.9459825658119476,0.7330429195210318,0.9459825658119476,1.160402788917947,SC32,0.42735986939691506
P11,2025-01-01,0.9828608850728592,0.7691724585983187,0.9828608850728592,1.1977354183816111,SC32,0.4285629597832924
P12,2025-01-01,1.0734596787887123,0.8341678550661641,1.0734596787887123,1.3115942644795235,SC32,0.47742640941335945
P13,2025-01-01,1.046984097301712,0.8602048566248054,1.046984097301712,1.2348037844342088,SC32,0.3745989278094034
P14,2025-01-01,1.0155063993712068,0.8336524486425894,1.0155063993712068,1.197685566429481,SC32,0.3640331177868916
P15,2025-01-01,0.9566736966418364,0.7909870872425676,0.9566736966418364,1.1231049777183446,SC32,0.332117890475777
P16,2025-01-01,0.9621318510582498,0.7711366166812003,0.9621318510582498,1.1526968226713148,SC32,0.38156020599011453
P17,2025-01-01,1.0561253548171785,0.8225868140715564,1.0561253548171785,1.2895574293272078,SC32,0.4669706152556514
P18,2025-01-01,0.8135576563960466,0.6785802506589999,0.8135576563960466,0.9491649488850878,SC32,0.270584698226088
P19,2025-01-01,1.1188564898165805,0.8708453347447359,1.1188564898165805,1.3677102380621542,SC32,0.4968649033174183
P20,2025-01-01,0.9441824475162148,0.7634352568793661,0.9441824475162148,1.124620991972862,SC32,0.36118573509349594
P21,2025-01-01,1.075574365291907,0.857953991065534,1.075574365291907,1.2924904910824848,SC32,0.43453650001695077
P22,2025-01-01,1.1611045206154442,0.8815166740234192,1.1611045206154442,1.4411317096680645,SC32,0.5596150356446453
P23,2025-01-01,1.1481023259796113,0.8833596893102786,1.1481023259796113,1.4133241488355108,SC32,0.5299644595252322
P24,2025-01-01,1.158012024155638,0.9069088718617332,1.158012024155638,1.408522578689283,SC32,0.5016137068275498
P25,2025-01-01,0.8592783204698059,0.683120929877571,0.8592783204698059,1.0352904364401407,SC32,0.35216950656256973
P26,2025-01-01,1.015047198329037,0.8170260831233448,1.015047198329037,1.2116575168202484,SC32,0.39463143369690357
P27,2025-01-01,0.9893471746201188,0.7743862013496966,0.9893471746201188,1.2051089742444931,SC32,0.43072277289479655
P28,2025-01-01,0.8894685142523289,0.7034153443981757,0.8894685142523289,1.075527459470598,SC32,0.37211211507242226
P29,2025-01-01,1.1103019066257995,0.8253937509204073,1.1103019066257995,1.3946639862653891,SC32,0.5692702353449818
P30,2025-01-01,1.0973494043845928,0.8548877900978061,1.0973494043845928,1.3411977532992654,SC32,0.48630996320145925
P31,2025-01-01,1.0036909032455608,0.7796177277685038,1.0036909032455608,1.2282662475056043,SC32,0.4486485197371005
P32,2025-01-01,1.0086816441780924,0.793451971742303,1.0086816441780924,1.2228615313211744,SC32,0.4294095595788714
P33,2025-01-01,0.951261886104988,0.7511344862628995,0.951261886104988,1.1529584593040605,SC32,0.401823973041161
P34,2025-01-01,1.059301697662664,0.8255974219252235,1.059301697662664,1.2950148679749334,SC32,0.4694174460497099
P35,2025-01-01,1.0520118631960025,0.8330439108108642,1.0520118631960025,1.2734113381703178,SC32,0.44036742735945367
P36,2025-01-01,1.001126404780935,0.7815107455887524,1.001126404780935,1.2223681501615975,SC32,0.44085740457284506
P37,2025-01-01,0.8950542899202715,0.7235530046001392,0.8950542899202715,1.0672699719490488,SC32,0.34371696734890966
P38,2025-01-01,0.9083971233653784,0.7468123887904737,0.9083971233653784,1.0702226079108277,SC32,0.32341021912035395
P39,2025-01-01,0.9891108879307682,0.7867021153001658,0.9891108879307682,1.1920898778252556,SC32,0.4053877625250898
P40,2025-01-01,0.9550341072408334,0.7648412465076203,0.9550341072408334,1.1474563667599038,SC32,0.3826151202522835
P41,2025-01-01,1.0139772006503216,0.7773233063129825,1.0139772006503216,1.2524608131108508,SC32,0.47513750679786826
P42,2025-01-01,0.92614413230076,0.7480197261110766,0.92614413230076,1.1059151331878203,SC32,0.3578954070767437
P43,2025-01-01,0.9973910850076502,0.7869910883522204,0.9973910850076502,1.2100211065596418,SC32,0.42303001820742137
P44,2025-01-01,0.9416339055206646,0.7411281798812748,0.9416339055206646,1.144118940236032,SC32,0.4029907603547571
P45,2025-01-01,0.9853737702233208,0.7740213996002646,0.9853737702233208,1.1987406489098162,SC32,0.4247192493095516
P46,2025-01-01,0.9840327351473344,0.772985284218221,0.9840327351473344,1.1974712920598545,SC32,0.4244860078416335
P47,2025-01-01,0.9681804347908524,0.7900175936477829,0.9681804347908524,1.1453802181351227,SC32,0.3553626244873398
P48,2025-01-01,0.8518378971353655,0.6748756311608262,0.8518378971353655,1.030476877856186,SC32,0.35560124669535975
P49,2025-01-01,1.067683504633651,0.8351823345147444,1.067683504633651,1.3022428603313472,SC32,0.46706052581660273
P50,2025-01-01,0.982293590765492,0.7778594813909386,0.982293590765492,1.1877761947360796,SC32,0.409916713345141
P51,2025-01-01,0.9718350510056988,0.784448655783519,0.9718350510056988,1.161612749768086,SC32,0.37716409398456696
P52,2025-01-01,0.9698271752570928,0.7760485731259829,0.9698271752570928,1.1661497716137643,SC32,0.39010119848778146
P53,2025-01-01,0.959439443351314,0.7490129072204454,0.959439443351314,1.171890561254458,SC32,0.42287765403401245
P54,2025-01-01,0.9566546890211376,0.734808123958725,0.9566546890211376,1.1814646375327915,SC32,0.44665651357406655
P55,2025-01-01,0.9705256700379524,0.7579252525661446,0.9705256700379524,1.1851992066714108,SC32,0.42727395410526614
P56,2025-01-01,1.0325441278598066,0.810773374620448,1.0325441278598066,1.255149729248845,SC32,0.444376354628397
P57,2025-01-01,0.9532177436248324,0.7423937937887964,0.9532177436248324,1.1663271900254504,SC32,0.42393339623665394
P58,2025-01-01,0.9036819427966049,0.7104300406983529,0.9036819427966049,1.099117560009227,SC32,0.388687519310874
P59,2025-01-01,0.9112592531141336,0.723611182275251,0.9112592531141336,1.1004591692276784,SC32,0.3768479869524274
P60,2025-01-01,1.041611730719712,0.811383362519731,1.041611730719712,1.273658821964983,SC32,0.46227545944525195
P61,2025-01-01,0.9775424659410265,0.7769596438170235,0.9775424659410265,1.1803328145364953,SC32,0.40337317071947176
P62,2025-01-01,0.911315343209621,0.7432293441735384,0.911315343209621,1.0791521915709137,SC32,0.3359228473973753
P63,2025-01-01,0.9055627608288332,0.743299116325835,0.9055627608288332,1.0696855384636337,SC32,0.32638642213779867
P01,2025-01-01,1.9358989560853077,1.582285223121604,1.9358989560853077,2.144574769596224,SC33,0.56228954647462
P02,2025-01-01,1.780527882237322,1.4188440068416694,1.780527882237322,2.0172564760177183,SC33,0.5984124691760488
P03,2025-01-01,1.755741550674219,1.3756855420739864,1.755741550674219,2.0100212665182515,SC33,0.6343357244442651
P04,2025-01-01,1.885316999460001,1.4907004076171182,1.885316999460001,2.158015643176091,SC33,0.6673152355589727
P05,2025-01-01,1.90449847463104,1.6153191639245963,1.90449847463104,2.074414808765566,SC33,0.45909564484096976
P06,2025-01-01,1.8590765743420603,1.4097790732436823,1.8590765743420603,2.201307069731625,SC33,0.7915279964879425
P07,2025-01-01,1.703446519519905,1.2364459211428187,1.703446519519905,2.100782548325377,SC33,0.8643366271825581
P08,2025-01-01,1.7873804111595797,1.3755709577699884,1.7873804111595797,2.0726100415767537,SC33,0.6970390838067653
P09,2025-01-01,1.8376406830478271,1.5310566068557403,1.8376406830478271,2.0547102205941696,SC33,0.5236536137384293
P10,2025-01-01,1.8115111184380543,1.4703210249067895,1.8115111184380543,2.0393794922781616,SC33,0.5690584673713721
P11,2025-01-01,1.812113923148651,1.5764105921455955,1.812113923148651,1.9582218171018404,SC33,0.38181122495624487
P12,2025-01-01,1.926179587731601,1.611058440808508,1.926179587731601,2.109515267387658,SC33,0.4984568265791498
P13,2025-01-01,1.940838258531754,1.5230404428648945,1.940838258531754,2.182254380045663,SC33,0.6592139371807684
P14,2025-01-01,1.922249083363151,1.5572558252812436,1.922249083363151,2.1538140528213674,SC33,0.5965582275401238
P15,2025-01-01,1.934577968375748,1.577982368455756,1.934577968375748,2.1620262454473,SC33,0.5840438769915439
P16,2025-01-01,1.8784023635667324,1.518741185002488,1.8784023635667324,2.151082705665022,SC33,0.6323415206625342
P17,2025-01-01,1.9140662226124097,1.486169383414258,1.9140662226124097,2.170066993431279,SC33,0.6838976100170209
P18,2025-01-01,1.9591322629376204,1.6724160843844085,1.9591322629376204,2.190445983776752,SC33,0.5180298993923436
P19,2025-01-01,1.9523500214126464,1.7056293759616574,1.9523500214126464,2.130023720621184,SC33,0.42439434465952663
P20,2025-01-01,1.7300599698169696,1.3016027028148385,1.7300599698169696,2.013506094922853,SC33,0.7119033921080147
P21,2025-01-01,1.83733193461398,1.5239252840340964,1.83733193461398,2.051177845721355,SC33,0.5272525616872588
P22,2025-01-01,1.9277132797965613,1.5632499854004744,1.9277132797965613,2.1764090971124226,SC33,0.6131591117119481
P23,2025-01-01,1.8942395731427333,1.589721790443444,1.8942395731427333,2.106534128817944,SC33,0.5168123383745002
P24,2025-01-01,1.797933526351817,1.5601096566278672,1.797933526351817,1.982328032780331,SC33,0.4222183761524638
P25,2025-01-01,1.9014191224717043,1.5174334915506067,1.9014191224717043,2.2009230260609254,SC33,0.6834895345103187
P26,2025-01-01,2.012167136980188,1.6427333981927776,2.012167136980188,2.243003072577247,SC33,0.6002696743844695
P27,2025-01-01,1.8304769007644368,1.4921127052483931,1.8304769007644368,2.040349053858186,SC33,0.5482363486097928
P28,2025-01-01,1.984216121866776,1.5810470915710155,1.984216121866776,2.344122238339408,SC33,0.7630751467683923
P29,2025-01-01,1.9365557115504624,1.6317630267898555,1.9365557115504624,2.160534899006153,SC33,0.5287718722162973
P30,2025-01-01,1.904954198863877,1.4286120793845152,1.904954198863877,2.252999302318649,SC33,0.824387222934134
P31,2025-01-01,1.8849802688956687,1.482431962158348,1.8849802688956687,2.138067038033426,SC33,0.6556350758750782
P32,2025-01-01,1.8933695715476209,1.571425316043706,1.8933695715476209,2.0773751469242727,SC33,0.5059498308805668
P33,2025-01-01,1.80682425693818,1.4641062697425478,1.80682425693818,2.028960602340561,SC33,0.5648543325980133
P34,2025-01-01,1.815924785000496,1.4679637622408628,1.815924785000496,2.059313824541936,SC33,0.5913500623010732
P35,2025-01-01,1.7824995156327157,1.496035424394081,1.7824995156327157,1.9879394360181528,SC33,0.4919040116240718
P36,2025-01-01,1.6862424671205447,1.3352284168587485,1.6862424671205447,1.9421542491111927,SC33,0.6069258322524442
P37,2025-01-01,1.770524201841627,1.4138251390491008,1.770524201841627,2.034746811002037,SC33,0.620921671952936
P38,2025-01-01,1.8450062221032784,1.5673898095993268,1.8450062221032784,2.01237834370402,SC33,0.4449885341046931
P39,2025-01-01,1.6778523700797323,1.3551639602215095,1.6778523700797323,1.893668059294077,SC33,0.5385040990725676
P40,2025-01-01,1.6644747769757466,1.33156117332691,1.6644747769757466,1.8869521767350343,SC33,0.5553910034081244
P41,2025-01-01,1.7898943698795688,1.3606071528734427,1.7898943698795688,2.075738639468198,SC33,0.7151314865947551
P42,2025-01-01,1.832834598010625,1.4609488407831082,1.832834598010625,2.080491237010184,SC33,0.6195423962270756
P43,2025-01-01,1.8581471111067411,1.4296120263902683,1.8581471111067411,2.156337894361041,SC33,0.7267258679707727
P44,2025-01-01,1.8206499533213705,1.4930930094691166,1.8206499533213705,2.0315959976060194,SC33,0.5385029881369028
P45,2025-01-01,1.8631705743966844,1.5209922116440937,1.8631705743966844,2.137322854559053,SC33,0.6163306429149593
P46,2025-01-01,1.837960143858106,1.5253943462131714,1.837960143858106,2.057188239869468,SC33,0.5317938936562965
P47,2025-01-01,1.8634664771982303,1.4727390271489098,1.8634664771982303,2.096424636517193,SC33,0.6236856093682832
P48,2025-01-01,1.8703490997932088,1.5281651668963736,1.8703490997932088,2.097893405874129,SC33,0.5697282389777554
P49,2025-01-01,1.7985611663133527,1.3566187626487638,1.7985611663133527,2.133566861885252,SC33,0.7769480992364883
P50,2025-01-01,1.804847676649121,1.4300167793222476,1.804847676649121,2.014601496751144,SC33,0.5845847174288965
P51,2025-01-01,1.7592723495126044,1.342214996076998,1.7592723495126044,2.064597459387956,SC33,0.7223824633109581
P52,2025-01-01,1.829293558043461,1.4909308530579497,1.829293558043461,2.0452269647920067,SC33,0.554296111734057
P53,2025-01-01,1.787965008992641,1.351604829267668,1.787965008992641,2.140785505345832,SC33,0.7891806760781641
P54,2025-01-01,1.6834859626468377,1.1825022936408132,1.6834859626468377,2.085553579743535,SC33,0.9030512861027218
P55,2025-01-01,1.7482999981522884,1.378625642435968,1.7482999981522884,2.00392322140569,SC33,0.6252975789697222
P56,2025-01-01,1.8092314571607664,1.4654646936257951,1.8092314571607664,2.061366910635117,SC33,0.595902217009322
P57,2025-01-01,1.7166718532272092,1.2492500625300522,1.7166718532272092,2.086134987896453,SC33,0.8368849253664008
P58,2025-01-01,1.5719308525020002,1.1451194604129502,1.5719308525020002,1.8782007772597,SC33,0.7330813168467498
P59,2025-01-01,1.7019688212568052,1.392373718922629,1.7019688212568052,1.9367709266107316,SC33,0.5443972076881025
P60,2025-01-01,1.7767417291097969,1.4680998404202614,1.7767417291097969,1.9865959058660767,SC33,0.5184960654458153
P61,2025-01-01,1.7425098025362944,1.4144674745548067,1.7425098025362944,1.9625238509003535,SC33,0.5480563763455468
P62,2025-01-01,1.7773772278643416,1.4024274941088208,1.7773772278643416,2.0163198035341585,SC33,0.6138923094253377
P63,2025-01-01,1.879223968084089,1.4562364430665309,1.879223968084089,2.174291312542489,SC33,0.7180548694759581
P01,2025-01-01,1.5305450329386838,1.3153744178744364,1.5305450329386838,1.7652421220019543,SC41,0.44986770412751786
P02,2025-01-01,1.5797782877891478,1.3839124975187391,1.5797782877891478,1.8027515056566024,SC41,0.41883900813786323
P03,2025-01-01,1.612035443808415,1.3540723614189885,1.612035443808415,1.914425044042042,SC41,0.5603526826230536
P04,2025-01-01,1.6843999197149482,1.4908549090020529,1.6843999197149482,1.878855437629992,SC41,0.3880005286279391
P05,2025-01-01,1.653580752286748,1.4543192312349882,1.653580752286748,1.87366496823616,SC41,0.4193457370011717
P06,2025-01-01,1.5617344999183251,1.358518571817722,1.5617344999183251,1.7862991219857935,SC41,0.4277805501680716
P07,2025-01-01,1.609772746958437,1.3230052431944532,1.609772746958437,1.9302617755570537,SC41,0.6072565323626005
P08,2025-01-01,1.5432388644194943,1.3352492966241571,1.5432388644194943,1.774295055783367,SC41,0.43904575915920985
P09,2025-01-01,1.70971506327656,1.4506506426263368,1.70971506327656,2.005320569408427,SC41,0.55466992678209
P10,2025-01-01,1.6235955956990356,1.4042279708371497,1.6235955956990356,1.8626392488125691,SC41,0.4584112779754195
P11,2025-01-01,1.6747576503912789,1.441785813900357,1.6747576503912789,1.928559855043402,SC41,0.486774041143045
P12,2025-01-01,1.6837891493482744,1.461468473295907,1.6837891493482744,1.9273537347596208,SC41,0.4658852614637139
P13,2025-01-01,1.7368264253190768,1.5367125562449464,1.7368264253190768,1.9500443111740604,SC41,0.413331754929114
P14,2025-01-01,1.7488716254627874,1.3969068938136773,1.7488716254627874,2.160827590103116,SC41,0.7639206962894387
P15,2025-01-01,1.6950308930394342,1.3955698606475626,1.6950308930394342,2.0066418770084926,SC41,0.61107201636093
P16,2025-01-01,1.7512086019442783,1.547339930694945,1.7512086019442783,1.9608956975376743,SC41,0.41355576684272943
P17,2025-01-01,1.6335906655914798,1.4374394123656198,1.6335906655914798,1.8480547830017195,SC41,0.41061537063609976
P18,2025-01-01,1.6745561008339274,1.449732310131448,1.6745561008339274,1.9186797112442773,SC41,0.4689474011128292
P19,2025-01-01,1.660422498670362,1.4092343845030455,1.660422498670362,1.943885943738824,SC41,0.5346515592357786
P20,2025-01-01,1.4034918130209406,1.0988574055021916,1.4034918130209406,1.7561723181759128,SC41,0.6573149126737212
P21,2025-01-01,1.701740483365955,1.4191449886463758,1.701740483365955,2.015747674877183,SC41,0.5966026862308074
P22,2025-01-01,1.6783242158050349,1.4590134985239769,1.6783242158050349,1.9012663519102884,SC41,0.4422528533863115
P23,2025-01-01,1.662326943783741,1.4382738950552003,1.662326943783741,1.9099459451709335,SC41,0.4716720501157332
P24,2025-01-01,1.7112399189410634,1.4977678055779793,1.7112399189410634,1.937192733273844,SC41,0.4394249276958646
P25,2025-01-01,1.6476625784242158,1.384948105228743,1.6476625784242158,1.9254571613351503,SC41,0.5405090561064074
P26,2025-01-01,1.7831108200273098,1.5058758532632188,1.7831108200273098,2.0760590613895222,SC41,0.5701832081263034
P27,2025-01-01,1.66088841252554,1.4382726424522436,1.66088841252554,1.8955229687907769,SC41,0.45725032633853324
P28,2025-01-01,1.7694180577577818,1.5508782304028343,1.7694180577577818,1.9725592943095835,SC41,0.4216810639067492
P29,2025-01-01,1.775685483741989,1.5635550597404368,1.775685483741989,1.97385324898061,SC41,0.41029818924017314
P30,2025-01-01,1.830073572243741,1.5842977690716662,1.830073572243741,2.082619238902105,SC41,0.4983214698304388
P31,2025-01-01,1.7492169181949435,1.4651444056280214,1.7492169181949435,2.072951350236468,SC41,0.6078069446084466
P32,2025-01-01,1.572988393905241,1.352878062306372,1.572988393905241,1.8000078230564092,SC41,0.4471297607500371
P33,2025-01-01,1.646000974984416,1.4363558530296812,1.646000974984416,1.856330609792773,SC41,0.4199747567630918
P34,2025-01-01,1.6664528561779428,1.4122236448611687,1.6664528561779428,1.9502977542689708,SC41,0.5380741094078021
P35,2025-01-01,1.7967716403272522,1.5685946721732902,1.7967716403272522,2.040573979102896,SC41,0.47197930692960566
P36,2025-01-01,1.6399334061061377,1.4106693051990222,1.6399334061061377,1.8853181328667912,SC41,0.47464882766776895
P37,2025-01-01,1.6638703692081536,1.420800514765171,1.6638703692081536,1.9450169243385445,SC41,0.5242164095733735
P38,2025-01-01,1.7647273725468562,1.4713021778076223,1.7647273725468562,2.080821109313564,SC41,0.6095189315059415
P39,2025-01-01,1.630868938948014,1.4094133033393346,1.630868938948014,1.8916244214442823,SC41,0.48221111810494777
P40,2025-01-01,1.4607137803977148,1.3064960316758665,1.4607137803977148,1.6314425576477771,SC41,0.32494652597191065
P41,2025-01-01,1.556838811515762,1.39666356961322,1.556838811515762,1.73317877276149,SC41,0.3365152031482701
P42,2025-01-01,1.5759460966687775,1.3692797072085006,1.5759460966687775,1.8041737183382605,SC41,0.4348940111297599
P43,2025-01-01,1.493811261653849,1.314527877751509,1.493811261653849,1.7144236586653965,SC41,0.39989578091388744
P44,2025-01-01,1.4806772365883838,1.3178724150240917,1.4806772365883838,1.6630203052611356,SC41,0.34514789023704395
P45,2025-01-01,1.5317935398459808,1.3670165817928286,1.5317935398459808,1.7263502267885986,SC41,0.35933364499577003
P46,2025-01-01,1.7153932527378593,1.4830926754368186,1.7153932527378593,1.9884558801907248,SC41,0.5053632047539063
P47,2025-01-01,1.7421486891842506,1.3393713005796264,1.7421486891842506,2.164585166996524,SC41,0.8252138664168975
P48,2025-01-01,1.5223865935239789,1.3321594999234925,1.5223865935239789,1.7422272393371805,SC41,0.410067739413688
P49,2025-01-01,1.6922802028850576,1.4380514877379535,1.6922802028850576,1.9704522616715356,SC41,0.5324007739335821
P50,2025-01-01,1.5112287314832438,1.3016673660192022,1.5112287314832438,1.7277018994775737,SC41,0.4260345334583715
P51,2025-01-01,1.7198672972234512,1.472501769800515,1.7198672972234512,1.9720451732505897,SC41,0.49954340345007475
P52,2025-01-01,1.740130835447065,1.4578563541915122,1.740130835447065,2.059096419564976,SC41,0.6012400653734638
P53,2025-01-01,1.7172093102832744,1.435573727206816,1.7172093102832744,2.0443628340001827,SC41,0.6087891067933666
P54,2025-01-01,1.6509408131557275,1.408805373371747,1.6509408131557275,1.938453904869564,SC41,0.529648531497817
P55,2025-01-01,1.6720705852543358,1.4786491491113565,1.6720705852543358,1.8939372559344403,SC41,0.4152881068230838
P56,2025-01-01,1.690540918890742,1.4544591279978871,1.690540918890742,1.97637562051682,SC41,0.5219164925189328
P57,2025-01-01,1.6731665064373746,1.400272772999136,1.6731665064373746,1.9918366001489745,SC41,0.5915638271498385
P58,2025-01-01,1.5560967934895171,1.3337313899128247,1.5560967934895171,1.8296338835963235,SC41,0.4959024936834988
P59,2025-01-01,1.7114596161299958,1.4506326676325998,1.7114596161299958,2.022318252006275,SC41,0.571685584373675
P60,2025-01-01,1.6961098673084416,1.5082932312884276,1.6961098673084416,1.9134880073348417,SC41,0.4051947760464141
P61,2025-01-01,1.8349983624390125,1.548396109856829,1.8349983624390125,2.15126899587771,SC41,0.602872886020881
P62,2025-01-01,1.7658944335109463,1.4760341321548234,1.7658944335109463,2.089765764229748,SC41,0.6137316320749244
P63,2025-01-01,1.743000545323852,1.501003666905406,1.743000545323852,2.026412524078373,SC41,0.5254088571729667
P01,2025-01-01,1.9520096351723524,1.8096867933673544,1.9520096351723524,2.124987861041071,SC42,0.31530106767371646
P02,2025-01-01,2.0525608731810445,1.8944890782791668,2.0525608731810445,2.2340604525258234,SC42,0.3395713742466566
P03,2025-01-01,1.980832167918364,1.8178276854123088,1.980832167918364,2.1650380523733475,SC42,0.3472103669610387
P04,2025-01-01,2.0590541634885584,1.9081101211362224,2.0590541634885584,2.2224092339876385,SC42,0.3142991128514161
P05,2025-01-01,2.0199293812857837,1.8754113413574225,2.0199293812857837,2.1797143761129782,SC42,0.30430303475555576
P06,2025-01-01,1.992786172775611,1.843004349591964,1.992786172775611,2.1577933766183617,SC42,0.31478902702639777
P07,2025-01-01,2.0091714152646505,1.8269993681166985,2.0091714152646505,2.211448347513921,SC42,0.38444897939722256
P08,2025-01-01,1.9687380169032265,1.823730593911596,1.9687380169032265,2.133695084698858,SC42,0.30996449078726207
P09,2025-01-01,2.031959281217828,1.898097930382276,2.031959281217828,2.174060080123907,SC42,0.2759621497416309
P10,2025-01-01,2.0210918967771447,1.8668572260062324,2.0210918967771447,2.1978368278916087,SC42,0.33097960188537634
P11,2025-01-01,1.995578467135882,1.8487054079619103,1.995578467135882,2.164771260406381,SC42,0.3160658524444706
P12,2025-01-01,2.0192973462890302,1.871179824787422,2.0192973462890302,2.198509091051518,SC42,0.32732926626409586
P13,2025-01-01,2.062921584160045,1.9067406537009,2.062921584160045,2.237503958577472,SC42,0.3307633048765719
P14,2025-01-01,2.1415956290281533,1.954991325357428,2.1415956290281533,2.3581110335632887,SC42,0.4031197082058606
P15,2025-01-01,2.051031427801311,1.90449070453592,2.051031427801311,2.215729096772116,SC42,0.3112383922361961
P16,2025-01-01,2.092043364000374,1.9611874905937483,2.092043364000374,2.236960956586154,SC42,0.2757734659924058
P17,2025-01-01,2.006599891619456,1.8508695617125224,2.006599891619456,2.176305871598487,SC42,0.3254363098859645
P18,2025-01-01,2.011427834480366,1.8731708917179748,2.011427834480366,2.181559433920003,SC42,0.30838854220202827
P19,2025-01-01,1.9963182312252643,1.8548296126249169,1.9963182312252643,2.153775917637578,SC42,0.29894630501266106
P20,2025-01-01,1.8594279654038512,1.6770672918736618,1.8594279654038512,2.079898924931432,SC42,0.40283163305777014
P21,2025-01-01,2.016307853989895,1.8502975507575288,2.016307853989895,2.2112959983611007,SC42,0.3609984476035719
P22,2025-01-01,1.9857408732051136,1.84142102036226,1.9857408732051136,2.153697543980097,SC42,0.3122765236178371
P23,2025-01-01,2.014342468845529,1.8815291892318415,2.014342468845529,2.160597042890904,SC42,0.2790678536590623
P24,2025-01-01,2.004319650045562,1.876134331581363,2.004319650045562,2.1547859893895067,SC42,0.2786516578081437
P25,2025-01-01,2.0052927427762244,1.8603632718113772,2.0052927427762244,2.170738996740109,SC42,0.310375724928732
P26,2025-01-01,2.0585086832714623,1.9111837155607545,2.0585086832714623,2.2228085471747203,SC42,0.3116248316139658
P27,2025-01-01,2.0075561278802807,1.878522103596019,2.0075561278802807,2.1546572736702805,SC42,0.2761351700742616
P28,2025-01-01,2.043683693542895,1.896847793085328,2.043683693542895,2.208691589878682,SC42,0.31184379679335383
P29,2025-01-01,2.010367525628916,1.8440590416822509,2.010367525628916,2.190385375897145,SC42,0.3463263342148941
P30,2025-01-01,2.076258432577297,1.9290106934263391,2.076258432577297,2.2327149701367626,SC42,0.30370427671042344
P31,2025-01-01,2.0793376588089005,1.936135993326742,2.0793376588089005,2.238569784887144,SC42,0.3024337915604023
P32,2025-01-01,2.019710539927558,1.8734392106392956,2.019710539927558,2.176848272795533,SC42,0.3034090621562373
P33,2025-01-01,2.042966477904536,1.8910770905886125,2.042966477904536,2.2016777360242914,SC42,0.3106006454356789
P34,2025-01-01,2.0173002961688757,1.864982012319614,2.0173002961688757,2.1818744870768523,SC42,0.31689247475723836
P35,2025-01-01,2.0665393795459166,1.918717359152274,2.0665393795459166,2.2231618171243888,SC42,0.30444445797211483
P36,2025-01-01,2.050305820825056,1.9103696595462496,2.050305820825056,2.2030126050725354,SC42,0.2926429455262858
P37,2025-01-01,2.0053820945461984,1.8490718327787687,2.0053820945461984,2.1879501096858203,SC42,0.3388782769070515
P38,2025-01-01,2.0774523041063206,1.933186163769841,2.0774523041063206,2.242734416341833,SC42,0.3095482525719919
P39,2025-01-01,2.0596956404631364,1.9105409584312352,2.0596956404631364,2.219251005182797,SC42,0.308710046751562
P40,2025-01-01,1.9521063516245765,1.8175601050313188,1.9521063516245765,2.102033427790512,SC42,0.2844733227591931
P41,2025-01-01,2.037307985368342,1.90283032927908,2.037307985368342,2.1807861514349445,SC42,0.27795582215586445
P42,2025-01-01,1.9888482308649449,1.8384913826620677,1.9888482308649449,2.158086221207257,SC42,0.3195948385451892
P43,2025-01-01,1.979038341870852,1.8397680163602528,1.979038341870852,2.1280689279634206,SC42,0.28830091160316784
P44,2025-01-01,1.9517913482391536,1.815578544545202,1.9517913482391536,2.104575286261947,SC42,0.28899674171674516
P45,2025-01-01,1.9826353151047469,1.8403187042053943,1.9826353151047469,2.140437808763193,SC42,0.30011910455779844
P46,2025-01-01,2.105107370428673,1.962677016429585,2.105107370428673,2.259563110522808,SC42,0.29688609409322275
P47,2025-01-01,2.079729454953112,1.9091471716281687,2.079729454953112,2.2729097366587165,SC42,0.3637625650305478
P48,2025-01-01,2.0164386609350173,1.8696927326128263,2.0164386609350173,2.1775498152875574,SC42,0.3078570826747311
P49,2025-01-01,2.0738208260868527,1.912437514041355,2.0738208260868527,2.254355855556743,SC42,0.34191834151538814
P50,2025-01-01,2.0030965226834097,1.878301525494329,2.0030965226834097,2.140034565536324,SC42,0.26173304004199505
P51,2025-01-01,2.067338851152127,1.9316730172526384,2.067338851152127,2.2075345188452555,SC42,0.27586150159261713
P52,2025-01-01,2.069411292229748,1.9255769711713904,2.069411292229748,2.217829180669012,SC42,0.29225220949762143
P53,2025-01-01,2.075700598779135,1.9289674664474128,2.075700598779135,2.2321325989087084,SC42,0.3031651324612956
P54,2025-01-01,2.025865112598403,1.8616552708082696,2.025865112598403,2.2004236320237296,SC42,0.33876836121545995
P55,2025-01-01,2.0473668043891697,1.9143548082723985,2.0473668043891697,2.184426879758184,SC42,0.2700720714857854
P56,2025-01-01,2.036213153154811,1.886851390420592,2.036213153154811,2.195661422494179,SC42,0.30881003207358715
P57,2025-01-01,2.074968058220808,1.926788201106676,2.074968058220808,2.2373583481028074,SC42,0.3105701469961315
P58,2025-01-01,1.971619990730158,1.8205741881163495,1.971619990730158,2.1384462124552184,SC42,0.31787202433886885
P59,2025-01-01,2.0361605437926986,1.892517188895014,2.0361605437926986,2.185877105353515,SC42,0.2933599164585008
P60,2025-01-01,2.0490516351614163,1.9085025932450643,2.0490516351614163,2.1971940704035737,SC42,0.2886914771585094
P61,2025-01-01,2.1175311989424364,1.9656071243853088,2.1175311989424364,2.2801206902170934,SC42,0.3145135658317846
P62,2025-01-01,2.0799343286542387,1.9409745609447815,2.0799343286542387,2.2324462256323425,SC42,0.291471664687561
P63,2025-01-01,2.072722262126875,1.9348563192565755,2.072722262126875,2.215780723231428,SC42,0.28092440397485263
P01,2025-01-01,1.1360843022133993,0.9387663706671732,1.1360843022133993,1.328100134584783,SC43,0.38933376391760977
P02,2025-01-01,1.1761244334344645,0.9665074126306584,1.1761244334344645,1.363499962577431,SC43,0.39699254994677247
P03,2025-01-01,1.102950551057543,0.9088436912608918,1.102950551057543,1.3139396189347474,SC43,0.4050959276738556
P04,2025-01-01,1.2162685995007303,0.9873497127670252,1.2162685995007303,1.4121316020977763,SC43,0.4247818893307511
P05,2025-01-01,1.2428095005518809,1.0364248039623194,1.2428095005518809,1.452104231863386,SC43,0.4156794279010667
P06,2025-01-01,1.1055405700059089,0.9074111464546304,1.1055405700059089,1.3054209942457573,SC43,0.3980098477911269
P07,2025-01-01,1.0569529949261196,0.8557754111807506,1.0569529949261196,1.247792811557489,SC43,0.3920174003767384
P08,2025-01-01,1.117167493325966,0.9172839529563456,1.117167493325966,1.3246541605325726,SC43,0.407370207576227
P09,2025-01-01,1.2089484956650596,1.015201726049504,1.2089484956650596,1.400264721686371,SC43,0.38506299563686697
P10,2025-01-01,1.1283854718033706,0.8984637075772507,1.1283854718033706,1.34150537548257,SC43,0.4430416679053194
P11,2025-01-01,1.2161637379676231,0.980049481579004,1.2161637379676231,1.4594573617531323,SC43,0.4794078801741284
P12,2025-01-01,1.187231706532886,0.958618109377178,1.187231706532886,1.428211651466728,SC43,0.46959354208955006
P13,2025-01-01,1.274106923378639,1.0438328009966469,1.274106923378639,1.5029838258606802,SC43,0.45915102486403336
P14,2025-01-01,1.4433232073540287,1.1293665753631292,1.4433232073540287,1.744040353556292,SC43,0.6146737781931628
P15,2025-01-01,1.280132016974227,1.0395678742835786,1.280132016974227,1.5426991277842874,SC43,0.5031312535007089
P16,2025-01-01,1.2700673694120153,1.063878028782821,1.2700673694120153,1.4931311257775826,SC43,0.42925309699476166
P17,2025-01-01,1.2222080941358795,0.985763078379415,1.2222080941358795,1.4529272030485243,SC43,0.4671641246691093
P18,2025-01-01,1.1902841728410496,0.9927132500505268,1.1902841728410496,1.392476726284221,SC43,0.39976347623369424
P19,2025-01-01,1.1974306712258211,0.992479055584932,1.1974306712258211,1.4255750937175566,SC43,0.43309603813262465
P20,2025-01-01,1.119167764297928,0.8796117168995775,1.119167764297928,1.3567163215178446,SC43,0.4771046046182671
P21,2025-01-01,1.2435104648525754,1.026750674512258,1.2435104648525754,1.45000532115683,SC43,0.4232546466445719
P22,2025-01-01,1.2449798558809866,1.0295270980746989,1.2449798558809866,1.4497843425547412,SC43,0.4202572444800423
P23,2025-01-01,1.2132080215916317,1.0109165573262398,1.2132080215916317,1.4178736627016146,SC43,0.4069571053753749
P24,2025-01-01,1.2528295474300633,1.0356543181409752,1.2528295474300633,1.4700905170011929,SC43,0.43443619886021767
P25,2025-01-01,1.2149850435499454,0.9927174812574102,1.2149850435499454,1.4236590256502986,SC43,0.43094154439288834
P26,2025-01-01,1.3003130947643076,1.0654331205810237,1.3003130947643076,1.544184332281936,SC43,0.4787512117009123
P27,2025-01-01,1.1895752737471774,0.9902796093582976,1.1895752737471774,1.388665048410227,SC43,0.39838543905192936
P28,2025-01-01,1.288157758425666,1.0785641623887416,1.288157758425666,1.5206198336875572,SC43,0.4420556712988155
P29,2025-01-01,1.1834370860485453,0.9651827745832924,1.1834370860485453,1.3961802500212557,SC43,0.4309974754379633
P30,2025-01-01,1.2883808055156103,1.091680854340999,1.2883808055156103,1.5044352204950076,SC43,0.4127543661540085
P31,2025-01-01,1.342050361494472,1.1125744046544062,1.342050361494472,1.5804895203654588,SC43,0.4679151157110526
P32,2025-01-01,1.1870746744640568,0.9825139448983368,1.1870746744640568,1.3794003981211538,SC43,0.396886453222817
P33,2025-01-01,1.2650150010252417,1.0416254289170963,1.2650150010252417,1.4791527135854985,SC43,0.4375272846684022
P34,2025-01-01,1.2759166730474996,1.07641536179411,1.2759166730474996,1.4879699431780278,SC43,0.4115545813839179
P35,2025-01-01,1.3452942734160716,1.115022636344801,1.3452942734160716,1.5733304214576322,SC43,0.4583077851128312
P36,2025-01-01,1.236687053778524,1.0108940457807738,1.236687053778524,1.472566137901413,SC43,0.4616720921206392
P37,2025-01-01,1.3225633932707022,1.0960764673331196,1.3225633932707022,1.5493013703013048,SC43,0.4532249029681852
P38,2025-01-01,1.3821286809951443,1.156736563761251,1.3821286809951443,1.6288710968328983,SC43,0.4721345330716473
P39,2025-01-01,1.4038744703520862,1.175390186270127,1.4038744703520862,1.6480193325373726,SC43,0.4726291462672456
P40,2025-01-01,1.0626812222228357,0.894691177711818,1.0626812222228357,1.2518658854379685,SC43,0.35717470772615045
P41,2025-01-01,1.1117911556072335,0.9000049407343602,1.1117911556072335,1.3268341193693842,SC43,0.426829178635024
P42,2025-01-01,1.1678272326215826,0.9293760906560448,1.1678272326215826,1.4154776810649812,SC43,0.4861015904089364
P43,2025-01-01,1.088397069146197,0.8825021341495263,1.088397069146197,1.2817616566923902,SC43,0.3992595225428639
P44,2025-01-01,1.1335009296513558,0.9346869381538288,1.1335009296513558,1.3281011177783315,SC43,0.39341417962450276
P45,2025-01-01,1.1344655410854416,0.9576529963906596,1.1344655410854416,1.331389878387502,SC43,0.3737368819968424
P46,2025-01-01,1.4792781543621365,1.2297746973866697,1.4792781543621365,1.7397654075372504,SC43,0.5099907101505807
P47,2025-01-01,1.3327394268092672,1.0097624591761154,1.3327394268092672,1.6564772755908792,SC43,0.6467148164147638
P48,2025-01-01,1.2540608604582022,1.0516523628418115,1.2540608604582022,1.4791915078057754,SC43,0.42753914496396384
P49,2025-01-01,1.3911592375111093,1.171412672300875,1.3911592375111093,1.629277188693291,SC43,0.457864516392416
P50,2025-01-01,1.2564169407490131,1.0355651334320315,1.2564169407490131,1.4717635679615182,SC43,0.4361984345294867
P51,2025-01-01,1.4020368150270623,1.154455507444195,1.4020368150270623,1.6300392437194795,SC43,0.4755837362752846
P52,2025-01-01,1.3764549281832144,1.112252881643522,1.3764549281832144,1.6176480918143472,SC43,0.5053952101708252
P53,2025-01-01,1.3960031512964812,1.1514536367445445,1.3960031512964812,1.6289216782543776,SC43,0.47746804150983313
P54,2025-01-01,1.3295276824747175,1.1215827747406153,1.3295276824747175,1.5561442337792486,SC43,0.4345614590386333
P55,2025-01-01,1.3720959561519503,1.119548018442012,1.3720959561519503,1.6156432071058946,SC43,0.4960951886638827
P56,2025-01-01,1.434494260619649,1.1666940821527985,1.434494260619649,1.6786568804939703,SC43,0.5119627983411719
P57,2025-01-01,1.4113674953690598,1.1782192332231431,1.4113674953690598,1.6691747450589085,SC43,0.49095551183576536
P58,2025-01-01,1.2760645832195538,1.063471860930508,1.2760645832195538,1.511614812775104,SC43,0.44814295184459585
P59,2025-01-01,1.363195186899849,1.1226461528764753,1.363195186899849,1.5879780063802234,SC43,0.46533185350374806
P60,2025-01-01,1.433778058409835,1.192996242225064,1.433778058409835,1.6560097832487437,SC43,0.46301354102367975
P61,2025-01-01,1.518418956256255,1.257268463853232,1.518418956256255,1.7807141765420933,SC43,0.5234457126888612
P62,2025-01-01,1.413050920944245,1.1749842958826366,1.413050920944245,1.6547474920966794,SC43,0.47976319621404273
P63,2025-01-01,1.3635215113044667,1.1285701201947465,1.3635215113044667,1.602809321370705,SC43,0.47423920117595864
P01,2025-01-01,1.9788942463993409,1.8738483729863524,1.9788942463993409,2.085097142824967,SC44,0.21124876983861474
P02,2025-01-01,1.980746259461896,1.8542561269617044,1.980746259461896,2.110133578166878,SC44,0.2558774512051738
P03,2025-01-01,1.899062550586232,1.77048998032874,1.899062550586232,2.029754001704231,SC44,0.2592640213754911
P04,2025-01-01,1.8931545079897367,1.7670234253669688,1.8931545079897367,2.021473626830791,SC44,0.25445020146382236
P05,2025-01-01,1.9583045827016583,1.830272041242316,1.9583045827016583,2.088964306912895,SC44,0.258692265670579
P06,2025-01-01,1.9546723232830416,1.837681655224368,1.9546723232830416,2.073788682964211,SC44,0.23610702773984293
P07,2025-01-01,1.9367286377173485,1.8053503779796745,1.9367286377173485,2.0713692440654494,SC44,0.26601886608577496
P08,2025-01-01,1.9083464010663655,1.7855490616085925,1.9083464010663655,2.0327536917818447,SC44,0.24720463017325223
P09,2025-01-01,1.933434208519537,1.802715358937112,1.933434208519537,2.066062595342825,SC44,0.2633472364057128
P10,2025-01-01,1.9332947694278764,1.804321227011802,1.9332947694278764,2.0641342911279983,SC44,0.2598130641161962
P11,2025-01-01,1.9611903504744703,1.8350582140586416,1.9611903504744703,2.0903880208263232,SC44,0.2553298067676817
P12,2025-01-01,1.962898332095921,1.8680991953677648,1.962898332095921,2.058644446931172,SC44,0.1905452515634074
P13,2025-01-01,1.91296731961928,1.772641877148336,1.91296731961928,2.057103581328648,SC44,0.2844617041803119
P14,2025-01-01,1.918578834687348,1.7655684772309297,1.918578834687348,2.0772747488237298,SC44,0.31170627159280007
P15,2025-01-01,1.9708220295815135,1.8161681571494463,1.9708220295815135,2.128513779394429,SC44,0.3123456222449825
P16,2025-01-01,1.94890989766451,1.8428399817469776,1.94890989766451,2.0564973478380235,SC44,0.2136573660910459
P17,2025-01-01,1.9173906088391783,1.7819652137339372,1.9173906088391783,2.055067357059263,SC44,0.27310214332532556
P18,2025-01-01,1.9775677190223264,1.8662131901940715,1.9775677190223264,2.090886798315927,SC44,0.22467360812185544
P19,2025-01-01,1.930605920594864,1.8245227566804108,1.930605920594864,2.038005013504927,SC44,0.21348225682451627
P20,2025-01-01,1.9731888186644675,1.862233035783916,1.9731888186644675,2.0862071569475367,SC44,0.2239741211636206
P21,2025-01-01,1.977691993665564,1.8521102406696703,1.977691993665564,2.105559242061886,SC44,0.2534490013922157
P22,2025-01-01,1.929078038407215,1.8068932456089637,1.929078038407215,2.05374515790675,SC44,0.24685191229778636
P23,2025-01-01,1.9633076844698436,1.848195010570259,1.9633076844698436,2.079875071192461,SC44,0.23168006062220226
P24,2025-01-01,1.935822390508596,1.813597998322956,1.935822390508596,2.060187641836181,SC44,0.2465896435132251
P25,2025-01-01,1.942390614188828,1.8263253202876373,1.942390614188828,2.060501125991487,SC44,0.23417580570384966
P26,2025-01-01,1.9848497206702964,1.8712563533700333,1.9848497206702964,2.100515245308821,SC44,0.22925889193878768
P27,2025-01-01,1.929036409533292,1.807229139176579,1.929036409533292,2.053757918611137,SC44,0.2465287794345581
P28,2025-01-01,1.945638246023601,1.830551550859898,1.945638246023601,2.062235078879397,SC44,0.2316835280194991
P29,2025-01-01,1.922935382859738,1.8087759918277817,1.922935382859738,2.0392600187839336,SC44,0.2304840269561519
P30,2025-01-01,1.9321349497605511,1.8104369238562168,1.9321349497605511,2.056045798102171,SC44,0.24560887424595435
P31,2025-01-01,1.947650051234231,1.824851646383882,1.947650051234231,2.073156174024791,SC44,0.24830452764090905
P32,2025-01-01,1.965297411507703,1.8433549080660088,1.965297411507703,2.0891088428007163,SC44,0.24575393473470752
P33,2025-01-01,1.947570550598603,1.82382205488415,1.947570550598603,2.073730206931123,SC44,0.24990815204697325
P34,2025-01-01,1.8217746583796135,1.6536186522925431,1.8217746583796135,1.995274608300989,SC44,0.3416559560084458
P35,2025-01-01,1.9281848356149367,1.8182576784387787,1.9281848356149367,2.0388169108478222,SC44,0.22055923240904352
P36,2025-01-01,1.9388516484701863,1.816957072353954,1.9388516484701863,2.0624716877830545,SC44,0.24551461542910036
P37,2025-01-01,1.9539235256076548,1.838702229563478,1.9539235256076548,2.07146832060124,SC44,0.23276609103776202
P38,2025-01-01,1.9521257205291809,1.8350148464828129,1.9521257205291809,2.0705966738491304,SC44,0.2355818273663175
P39,2025-01-01,1.945272352514413,1.8181819415978535,1.945272352514413,2.074020647998949,SC44,0.25583870640109563
P40,2025-01-01,1.927618082434044,1.8111555339471448,1.927618082434044,2.046438734091933,SC44,0.23528320014478843
P41,2025-01-01,1.9130881647076996,1.801594526220457,1.9130881647076996,2.025869269110026,SC44,0.22427474288956906
P42,2025-01-01,1.919588455529729,1.8003637085002009,1.919588455529729,2.0416159154020788,SC44,0.24125220690187787
P43,2025-01-01,1.9097403663496784,1.799470293048842,1.9097403663496784,2.021453231544593,SC44,0.22198293849575101
P44,2025-01-01,1.8821285138323216,1.7614062105406858,1.8821285138323216,2.005764366666385,SC44,0.2443581561256991
P45,2025-01-01,1.868315768060542,1.7450824660234034,1.868315768060542,1.9944978199081376,SC44,0.24941535388473413
P46,2025-01-01,1.97871709583255,1.8397652878051125,1.97871709583255,2.120372265073195,SC44,0.2806069772680826
P47,2025-01-01,1.923414815124944,1.790372418783,1.923414815124944,2.0589359358124524,SC44,0.26856351702945247
P48,2025-01-01,1.9493099937788945,1.835784559124172,1.9493099937788945,2.0640442106296617,SC44,0.22825965150548977
P49,2025-01-01,1.9622593397602892,1.834837814233702,1.9622593397602892,2.091730868323733,SC44,0.25689305409003094
P50,2025-01-01,1.966051256245528,1.862274376053799,1.966051256245528,2.070994291999062,SC44,0.20871991594526307
P51,2025-01-01,1.935760748287032,1.821250219843799,1.935760748287032,2.052228428769077,SC44,0.2309782089252781
P52,2025-01-01,1.9070130779432204,1.7811264716451167,1.9070130779432204,2.0347735061927725,SC44,0.2536470345476558
P53,2025-01-01,1.9466180324367337,1.819986073418132,1.9466180324367337,2.076259172925014,SC44,0.25627309950688226
P54,2025-01-01,1.945578180022666,1.8135562424580072,1.945578180022666,2.078336708993491,SC44,0.26478046653548404
P55,2025-01-01,1.9214835849807963,1.7963270734238304,1.9214835849807963,2.048994319818908,SC44,0.2526672463950774
P56,2025-01-01,1.9518749580943004,1.8290096067775927,1.9518749580943004,2.07712494596215,SC44,0.2481153391845572
P57,2025-01-01,1.9136677897025751,1.764392587616432,1.9136677897025751,2.067618615749512,SC44,0.30322602813307986
P58,2025-01-01,1.7668393925718844,1.6303775007086745,1.7668393925718844,1.9067575193670403,SC44,0.2763800186583658
P59,2025-01-01,1.9060807104894435,1.7806090308828142,1.9060807104894435,2.034008399484043,SC44,0.253399368601229
P60,2025-01-01,1.9341519621455072,1.80552881820372,1.9341519621455072,2.064372238621083,SC44,0.2588434204173631
P61,2025-01-01,1.935718883021825,1.8048434982714965,1.935718883021825,2.0697105792775905,SC44,0.264867081006094
P62,2025-01-01,1.9686368699918289,1.8409459363118907,1.9686368699918289,2.098235379547288,SC44,0.2572894432353974
P63,2025-01-01,1.9354925456586896,1.7791161849333532,1.9354925456586896,2.096131731858169,SC44,0.3170155469248157
P01,2025-01-01,2.288362354930088,2.005768930003595,2.288362354930088,2.5940346685112914,SC51,0.5882657385076966
P02,2025-01-01,2.393535022680065,2.0868438812654078,2.393535022680065,2.7241996365111234,SC51,0.6373557552457156
P03,2025-01-01,2.4100046125982955,2.1529864198895776,2.4100046125982955,2.686875234935385,SC51,0.5338888150458074
P04,2025-01-01,2.440559873381973,2.1706772207177014,2.440559873381973,2.7321216145195644,SC51,0.561444393801863
P05,2025-01-01,2.4313046066119344,2.1662620617477373,2.4313046066119344,2.7324009952723847,SC51,0.5661389335246474
P06,2025-01-01,2.3837298556090856,2.103492337211624,2.3837298556090856,2.6975754604137325,SC51,0.5940831232021084
P07,2025-01-01,2.465198094737767,2.163231627271125,2.465198094737767,2.7963706965833186,SC51,0.6331390693121937
P08,2025-01-01,2.453771290548242,2.17620138849481,2.453771290548242,2.759653980015272,SC51,0.5834525915204622
P09,2025-01-01,2.448784712586518,2.1578258543215405,2.448784712586518,2.767125967013052,SC51,0.6093001126915114
P10,2025-01-01,2.34165852375873,2.0676096205327825,2.34165852375873,2.644885033090482,SC51,0.5772754125576993
P11,2025-01-01,2.4445936382501974,2.1727796104652386,2.4445936382501974,2.736968772538165,SC51,0.5641891620729265
P12,2025-01-01,2.566670950567957,2.308165039228662,2.566670950567957,2.852178809071788,SC51,0.5440137698431262
P13,2025-01-01,2.4588558826123905,2.165953309162055,2.4588558826123905,2.7752991093510904,SC51,0.6093458001890353
P14,2025-01-01,2.3975291617013523,2.1720978647131304,2.3975291617013523,2.6630636557873526,SC51,0.4909657910742222
P15,2025-01-01,2.365148249536487,2.1561407259670085,2.365148249536487,2.5939852474955183,SC51,0.43784452152850983
P16,2025-01-01,2.341395899855548,2.055901335590314,2.341395899855548,2.654168649011528,SC51,0.5982673134212138
P17,2025-01-01,2.2319818980068717,1.920647843103615,2.2319818980068717,2.5714307411443618,SC51,0.6507828980407468
P18,2025-01-01,2.453183257540456,2.2524041056650805,2.453183257540456,2.673430456140627,SC51,0.42102635047554626
P19,2025-01-01,2.300803229956751,2.02746561505853,2.300803229956751,2.595099044952056,SC51,0.5676334298935259
P20,2025-01-01,2.323773938312372,2.029416852728426,2.323773938312372,2.644446958852392,SC51,0.615030106123966
P21,2025-01-01,2.412133163926069,2.137489003214734,2.412133163926069,2.7060103055443685,SC51,0.5685213023296347
P22,2025-01-01,2.3676440642203835,2.1282148073974283,2.3676440642203835,2.62383554041275,SC51,0.4956207330153215
P23,2025-01-01,2.4023032183860096,2.130111961179417,2.4023032183860096,2.7091257278814207,SC51,0.5790137667020039
P24,2025-01-01,2.344579914632273,2.05802909357533,2.344579914632273,2.649715218061022,SC51,0.5916861244856921
P25,2025-01-01,2.3782596146749237,2.10268525377837,2.3782596146749237,2.6719417027414663,SC51,0.5692564489630962
P26,2025-01-01,2.394096823751683,2.1267940376762717,2.394096823751683,2.678641445421273,SC51,0.5518474077450013
P27,2025-01-01,2.3489658409257967,2.106721050331984,2.3489658409257967,2.608402920752817,SC51,0.5016818704208328
P28,2025-01-01,2.3886306920228537,2.1106504540935203,2.3886306920228537,2.6889662033181616,SC51,0.5783157492246414
P29,2025-01-01,2.193203247869252,1.9287972909981053,2.193203247869252,2.483510120005482,SC51,0.5547128290073766
P30,2025-01-01,2.32893537593227,2.051376029708859,2.32893537593227,2.6240111488977598,SC51,0.572635119188901
P31,2025-01-01,2.2567329894701333,1.9450670429961487,2.2567329894701333,2.594693174809493,SC51,0.6496261318133443
P32,2025-01-01,2.382004141370082,2.132763775208785,2.382004141370082,2.650721383194183,SC51,0.517957607985398
P33,2025-01-01,2.338104403769073,2.0486650737002248,2.338104403769073,2.6542254848507225,SC51,0.6055604111504977
P34,2025-01-01,2.2706794143882294,1.9796569495348288,2.2706794143882294,2.586534895339176,SC51,0.6068779458043472
P35,2025-01-01,2.3041985929401108,2.053952539344937,2.3041985929401108,2.581184772847063,SC51,0.5272322335021262
P36,2025-01-01,2.317747044832412,2.077658546583883,2.317747044832412,2.57851149283327,SC51,0.5008529462493869
P37,2025-01-01,2.289266696444303,2.040011483594162,2.289266696444303,2.556463704583961,SC51,0.516452220989799
P38,2025-01-01,2.3417834144811067,2.056874485858711,2.3417834144811067,2.650064732479665,SC51,0.5931902466209538
P39,2025-01-01,2.4855245111571342,2.220858634998199,2.4855245111571342,2.7754701029733035,SC51,0.5546114679751044
P40,2025-01-01,2.3777286974260603,2.148617525019755,2.3777286974260603,2.622053463672965,SC51,0.4734359386532101
P41,2025-01-01,2.25283671170082,1.9814435553512155,2.25283671170082,2.5464954587777537,SC51,0.5650519034265382
P42,2025-01-01,2.4410352605275625,2.2216012316796943,2.4410352605275625,2.672601218773014,SC51,0.4509999870933199
P43,2025-01-01,2.294932719910551,2.0363366904728446,2.294932719910551,2.568946503998373,SC51,0.5326098135255286
P44,2025-01-01,2.2797693988413545,1.9889397868171472,2.2797693988413545,2.596958926598899,SC51,0.6080191397817516
P45,2025-01-01,2.4596592223811795,2.182160535378933,2.4596592223811795,2.759270152260909,SC51,0.5771096168819763
P46,2025-01-01,2.486773414064052,2.244088047145516,2.486773414064052,2.743329109647368,SC51,0.4992410625018522
P47,2025-01-01,2.395995327235193,2.1105045355921144,2.395995327235193,2.718954991842654,SC51,0.6084504562505395
P48,2025-01-01,2.383870152010118,2.138784808168273,2.383870152010118,2.645769615965813,SC51,0.5069848077975401
P49,2025-01-01,2.418167917657806,2.23849460908029,2.418167917657806,2.612089232281141,SC51,0.37359462320085113
P50,2025-01-01,2.398295809098803,2.180485122985152,2.398295809098803,2.635501772116561,SC51,0.45501664913140916
P51,2025-01-01,2.4169930320889104,2.160503530984632,2.4169930320889104,2.686449404454786,SC51,0.5259458734701541
P52,2025-01-01,2.3001737944720446,2.064457674657654,2.3001737944720446,2.554756006253064,SC51,0.4902983315954099
P53,2025-01-01,2.436646813531832,2.1956097095998386,2.436646813531832,2.695934293449924,SC51,0.5003245838500856
P54,2025-01-01,2.2292802203521527,1.9386970897896747,2.2292802203521527,2.542025028394374,SC51,0.6033279386046995
P55,2025-01-01,2.365072403876301,2.0681316624052712,2.365072403876301,2.6934704279501176,SC51,0.6253387655448464
P56,2025-01-01,2.4304092603433745,2.166785082819801,2.4304092603433745,2.7148329405973177,SC51,0.5480478577775165
P57,2025-01-01,2.3153378073164266,2.037908253056014,2.3153378073164266,2.6132547520354223,SC51,0.5753464989794081
P58,2025-01-01,2.3888786996309825,2.120011297080614,2.3888786996309825,2.675778742400086,SC51,0.5557674453194719
P59,2025-01-01,2.468318255803787,2.2015770239157915,2.468318255803787,2.7531645699056613,SC51,0.5515875459898698
P60,2025-01-01,2.3913794897988145,2.061809590077221,2.3913794897988145,2.7444845293791302,SC51,0.6826749393019091
P61,2025-01-01,2.3165264306324063,2.0181621580116422,2.3165264306324063,2.641669244758507,SC51,0.6235070867468648
P62,2025-01-01,2.4130947555024123,2.143228888504144,2.4130947555024123,2.70473182250192,SC51,0.561502933997776
P63,2025-01-01,2.456922984205811,2.154245755507144,2.456922984205811,2.782861275705363,SC51,0.6286155201982191
P01,2025-01-01,2.3976297,2.1920424,2.3976297,2.738612,SC53,0.5465695999999998
P02,2025-01-01,2.4194934,2.2119176,2.4194934,2.7631905,SC53,0.5512728999999998
P03,2025-01-01,2.3702426,2.1592455,2.3702426,2.7088158,SC53,0.5495703000000001
P04,2025-01-01,2.3800738,2.1760678,2.3800738,2.7096715,SC53,0.5336036999999996
P05,2025-01-01,2.375803,2.1818433,2.375803,2.6725836,SC53,0.4907402999999997
P06,2025-01-01,2.4342203,2.2176971,2.4342203,2.7916582,SC53,0.5739611
P07,2025-01-01,2.35588,2.1593096,2.35588,2.6739101,SC53,0.5146005000000002
P08,2025-01-01,2.4814613,2.2584157,2.4814613,2.8505766,SC53,0.5921609000000001
P09,2025-01-01,2.4055257,2.1922998,2.4055257,2.7583208,SC53,0.5660210000000001
P10,2025-01-01,2.3325388,2.1478758,2.3325388,2.6178532,SC53,0.4699773999999999
P11,2025-01-01,2.34001,2.137286,2.34001,2.6617637,SC53,0.5244776999999998
P12,2025-01-01,2.4608762,2.2457566,2.4608762,2.8119698,SC53,0.5662132
P13,2025-01-01,2.3971255,2.1920185,2.3971255,2.7335627,SC53,0.5415441999999997
P14,2025-01-01,2.491931,2.2691317,2.491931,2.8564012,SC53,0.5872695000000001
P15,2025-01-01,2.4332435,2.231571,2.4332435,2.7488325,SC53,0.5172614999999996
P16,2025-01-01,2.4305007,2.2247539,2.4305007,2.7687626,SC53,0.5440087
P17,2025-01-01,2.3228455,2.1225915,2.3228455,2.6523924,SC53,0.5298009000000001
P18,2025-01-01,2.4618638,2.2339168,2.4618638,2.8225155,SC53,0.5885987000000004
P19,2025-01-01,2.3562307,2.1555047,2.3562307,2.67671,SC53,0.5212053000000001
P20,2025-01-01,2.282079,2.103847,2.282079,2.5558434,SC53,0.4519964000000001
P21,2025-01-01,2.5216813,2.272901,2.5216813,2.9426892,SC53,0.6697881999999997
P22,2025-01-01,2.4261987,2.2010205,2.4261987,2.7912488,SC53,0.5902283000000002
P23,2025-01-01,2.327366,2.1314237,2.327366,2.6429524,SC53,0.5115287
P24,2025-01-01,2.3323274,2.1382456,2.3323274,2.6473565,SC53,0.5091109
P25,2025-01-01,2.4215243,2.2039373,2.4215243,2.7855086,SC53,0.5815712999999998
P26,2025-01-01,2.3632638,2.1688366,2.3632638,2.6719804,SC53,0.5031437999999997
P27,2025-01-01,2.38371,2.1770554,2.38371,2.7177854,SC53,0.5407299999999999
P28,2025-01-01,2.5033228,2.277284,2.5033228,2.8731332,SC53,0.5958492
P29,2025-01-01,2.2380037,2.0508995,2.2380037,2.5260081,SC53,0.4751086
P30,2025-01-01,2.3720665,2.1681557,2.3720665,2.7106402,SC53,0.5424845
P31,2025-01-01,2.4562953,2.2367017,2.4562953,2.827151,SC53,0.5904493000000004
P32,2025-01-01,2.4055073,2.200856,2.4055073,2.7450593,SC53,0.5442033
P33,2025-01-01,2.2162757,2.0375664,2.2162757,2.4980853,SC53,0.46051889999999984
P34,2025-01-01,2.4203491,2.1966112,2.4203491,2.803588,SC53,0.6069768
P35,2025-01-01,2.345783,2.1413038,2.345783,2.6824138,SC53,0.5411099999999998
P36,2025-01-01,2.1959157,2.0150213,2.1959157,2.5029023,SC53,0.48788100000000023
P37,2025-01-01,2.50535,2.2459924,2.50535,2.9333112,SC53,0.6873187999999999
P38,2025-01-01,2.5265007,2.2762794,2.5265007,2.9346411,SC53,0.6583616999999999
P39,2025-01-01,2.3911538,2.1862295,2.3911538,2.7312393,SC53,0.5450097999999999
P40,2025-01-01,2.3646407,2.1610105,2.3646407,2.6927207,SC53,0.5317102
P41,2025-01-01,2.3741689,2.1795576,2.3741689,2.6743658,SC53,0.49480820000000003
P42,2025-01-01,2.4469476,2.2216194,2.4469476,2.8105009,SC53,0.5888815000000003
P43,2025-01-01,2.3374264,2.1435955,2.3374264,2.6670864,SC53,0.5234909000000001
P44,2025-01-01,2.3851352,2.1740742,2.3851352,2.7421956,SC53,0.5681213999999999
P45,2025-01-01,2.3315527,2.1468349,2.3315527,2.6199014,SC53,0.47306649999999983
P46,2025-01-01,2.4362385,2.222209,2.4362385,2.7795296,SC53,0.5573206000000002
P47,2025-01-01,2.340652,2.146658,2.340652,2.6721036,SC53,0.5254455999999998
P48,2025-01-01,2.3781974,2.17665,2.3781974,2.7201064,SC53,0.5434564000000002
P49,2025-01-01,2.4448519,2.2354343,2.4448519,2.7820528,SC53,0.5466185000000001
P50,2025-01-01,2.3915498,2.1906347,2.3915498,2.7107587,SC53,0.520124
P51,2025-01-01,2.4214964,2.213104,2.4214964,2.7538075,SC53,0.5407035000000002
P52,2025-01-01,2.275452,2.0836205,2.275452,2.567087,SC53,0.4834665
P53,2025-01-01,2.3236306,2.131853,2.3236306,2.6277602,SC53,0.4959072
P54,2025-01-01,2.4203181,2.2149103,2.4203181,2.7540143,SC53,0.539104
P55,2025-01-01,2.395989,2.200291,2.395989,2.7141013,SC53,0.5138102999999998
P56,2025-01-01,2.413304,2.206261,2.413304,2.7389498,SC53,0.5326887999999999
P57,2025-01-01,2.4476008,2.2389703,2.4476008,2.789328,SC53,0.5503576999999997
P58,2025-01-01,2.3696473,2.1826744,2.3696473,2.6638649,SC53,0.4811905000000003
P59,2025-01-01,2.4364705,2.2282207,2.4364705,2.7700415,SC53,0.5418208
P60,2025-01-01,2.4315605,2.2172763,2.4315605,2.783078,SC53,0.5658017000000002
P61,2025-01-01,2.477559,2.253374,2.477559,2.8549309,SC53,0.6015568999999998
P62,2025-01-01,2.4495647,2.2311018,2.4495647,2.8146327,SC53,0.5835309000000004
P63,2025-01-01,2.5050201,2.2805285,2.5050201,2.8778973,SC53,0.5973687999999999
P01,2025-01-01,2.404557810138171,2.224651546192464,2.404557810138171,2.617203005560948,SC54,0.39255145936848423
P02,2025-01-01,2.338745456717487,2.1559232219719684,2.338745456717487,2.556864204230678,SC54,0.4009409822587098
P03,2025-01-01,2.342344794082287,2.1802333045759874,2.342344794082287,2.5320525970949506,SC54,0.35181929251896316
P04,2025-01-01,2.458716327714998,2.2925747057480974,2.458716327714998,2.653638447292468,SC54,0.3610637415443705
P05,2025-01-01,2.441109365572745,2.2670771871582445,2.441109365572745,2.6440088501749948,SC54,0.3769316630167503
P06,2025-01-01,2.368657877812585,2.1927371604194628,2.368657877812585,2.5724095386709407,SC54,0.3796723782514779
P07,2025-01-01,2.3787847147519487,2.210628583782108,2.3787847147519487,2.5746970822153763,SC54,0.3640684984332685
P08,2025-01-01,2.367399220692035,2.187115571940281,2.367399220692035,2.576550581688181,SC54,0.3894350097479
P09,2025-01-01,2.4395040577570937,2.2592007868135844,2.4395040577570937,2.649686077281416,SC54,0.39048529046783154
P10,2025-01-01,2.441507039140049,2.264471961728177,2.441507039140049,2.646745548068806,SC54,0.382273586340629
P11,2025-01-01,2.378068998194168,2.211008348802521,2.378068998194168,2.571243442702358,SC54,0.36023509389983666
P12,2025-01-01,2.430534866669652,2.2549139770875244,2.430534866669652,2.6346647100019114,SC54,0.379750732914387
P13,2025-01-01,2.3873177240162704,2.198449426128469,2.3873177240162704,2.610651346037706,SC54,0.4122019199092368
P14,2025-01-01,2.4058904799605667,2.2163900172758,2.4058904799605667,2.630417371866367,SC54,0.41402735459056705
P15,2025-01-01,2.433327524428136,2.2600726743950528,2.433327524428136,2.635971925370619,SC54,0.3758992509755661
P16,2025-01-01,2.479486147224007,2.296193287649264,2.479486147224007,2.6945587170021588,SC54,0.39836542935289465
P17,2025-01-01,2.366518957396577,2.1917507222236523,2.366518957396577,2.571909632028468,SC54,0.3801589098048157
P18,2025-01-01,2.5079974022533778,2.316830169694213,2.5079974022533778,2.732240813095041,SC54,0.41541064340082823
P19,2025-01-01,2.492454864302129,2.286338687735365,2.492454864302129,2.7333378862739943,SC54,0.44699919853862946
P20,2025-01-01,2.4043788970249023,2.210330435503697,2.4043788970249023,2.632307765536755,SC54,0.4219773300330578
P21,2025-01-01,2.4334645585582493,2.243645289650759,2.4334645585582493,2.658661123153534,SC54,0.41501583350277516
P22,2025-01-01,2.444196625198036,2.269525766051085,2.444196625198036,2.6485136574645303,SC54,0.37898789141344524
P23,2025-01-01,2.4682798033741014,2.2819582229579227,2.4682798033741014,2.6897153703718435,SC54,0.4077571474139208
P24,2025-01-01,2.502238892885683,2.3301055085979727,2.502238892885683,2.706018160048121,SC54,0.37591265145014807
P25,2025-01-01,2.478896945533556,2.303462457132317,2.478896945533556,2.685331381274092,SC54,0.381868924141775
P26,2025-01-01,2.4924490254528364,2.297859397529061,2.4924490254528364,2.7207286514668785,SC54,0.4228692539378174
P27,2025-01-01,2.4577381368084867,2.275887544914608,2.4577381368084867,2.6696487387332315,SC54,0.3937611938186234
P28,2025-01-01,2.4866453449772035,2.3059501258280504,2.4866453449772035,2.6978476332074246,SC54,0.39189750737937423
P29,2025-01-01,2.4319587320119798,2.2800818503206903,2.4319587320119798,2.605620332783001,SC54,0.3255384824623109
P30,2025-01-01,2.471550095209101,2.308097445443664,2.471550095209101,2.661179212512418,SC54,0.35308176706875427
P31,2025-01-01,2.4723832953698217,2.27965808016181,2.4723832953698217,2.6971218970657933,SC54,0.41746381690398326
P32,2025-01-01,2.4558566350823825,2.285951550589875,2.4558566350823825,2.6536040624284363,SC54,0.3676525118385614
P33,2025-01-01,2.4865363835325067,2.303835508385986,2.4865363835325067,2.701644076800699,SC54,0.397808568414713
P34,2025-01-01,2.3835823145133777,2.2128695163810184,2.3835823145133777,2.584926896995417,SC54,0.3720573806143985
P35,2025-01-01,2.440167243643568,2.272811155095487,2.440167243643568,2.635470761759225,SC54,0.36265960666373775
P36,2025-01-01,2.457689288911875,2.270381094337221,2.457689288911875,2.676572909945841,SC54,0.40619181560861994
P37,2025-01-01,2.379737315497965,2.200521798036557,2.379737315497965,2.588837921984276,SC54,0.38831612394771886
P38,2025-01-01,2.4373766426966856,2.2618946960493016,2.4373766426966856,2.6464590724337547,SC54,0.38456437638445307
P39,2025-01-01,2.441937185111428,2.2813712054122464,2.441937185111428,2.6327136002010825,SC54,0.3513423947888361
P40,2025-01-01,2.3672132993928687,2.197201045831619,2.3672132993928687,2.564081090621989,SC54,0.36688004479036973
P41,2025-01-01,2.381926404667282,2.2041103988438047,2.381926404667282,2.587336799884685,SC54,0.3832264010408801
P42,2025-01-01,2.4208197636894813,2.26511430849792,2.4208197636894813,2.6042921432324966,SC54,0.3391778347345764
P43,2025-01-01,2.378697791808599,2.2245508295403518,2.378697791808599,2.5613172521361194,SC54,0.3367664225957676
P44,2025-01-01,2.3706077482825973,2.18863259712778,2.3706077482825973,2.5838789701025364,SC54,0.3952463729747566
P45,2025-01-01,2.440148108277763,2.242443202579231,2.440148108277763,2.6678957591492725,SC54,0.42545255657004155
P46,2025-01-01,2.449129421695316,2.2791615812850585,2.449129421695316,2.650143790474762,SC54,0.3709822091897035
P47,2025-01-01,2.4330570914759018,2.2296821247830487,2.4330570914759018,2.672177256075845,SC54,0.4424951312927963
P48,2025-01-01,2.430734753826807,2.265773508887306,2.430734753826807,2.6224776359878827,SC54,0.35670412710057686
P49,2025-01-01,2.4785266096687826,2.2994052676309344,2.4785266096687826,2.6893427178406544,SC54,0.3899374502097199
P50,2025-01-01,2.3658485715701896,2.1946806931901586,2.3658485715701896,2.567405036173346,SC54,0.37272434298318746
P51,2025-01-01,2.453557038917112,2.2913006040710635,2.453557038917112,2.641975494625262,SC54,0.35067489055419854
P52,2025-01-01,2.336703320821355,2.1703307052538023,2.336703320821355,2.53093321393126,SC54,0.3606025086774576
P53,2025-01-01,2.424910684286942,2.267247966126102,2.424910684286942,2.609377354158245,SC54,0.34212938803214277
P54,2025-01-01,2.429485183802471,2.253197876756773,2.429485183802471,2.6388492074351166,SC54,0.38565133067834356
P55,2025-01-01,2.375281356749153,2.19963887949773,2.375281356749153,2.5808451123580816,SC54,0.3812062328603516
P56,2025-01-01,2.4644618605330915,2.2813129327228507,2.4644618605330915,2.6826502765695075,SC54,0.40133734384665676
P57,2025-01-01,2.408653527707183,2.234450575956556,2.408653527707183,2.616209616310193,SC54,0.38175904035363706
P58,2025-01-01,2.392512840579517,2.213845509036758,2.392512840579517,2.60745806605295,SC54,0.3936125570161919
P59,2025-01-01,2.463262649536793,2.2633139818841697,2.463262649536793,2.694997021384916,SC54,0.43168303950074627
P60,2025-01-01,2.435221068233942,2.2497896122463685,2.435221068233942,2.6549355997031685,SC54,0.40514598745679997
P61,2025-01-01,2.418816821402891,2.230010302984064,2.418816821402891,2.6432678561705574,SC54,0.41325755318649326
P62,2025-01-01,2.4212327953127977,2.237137447863593,2.4212327953127977,2.641042765348968,SC54,0.40390531748537484
P63,2025-01-01,2.4663647622039755,2.278650451151808,2.4663647622039755,2.686060537731536,SC54,0.4074100865797279
P01,2025-01-01,1.713004280949469,1.6301871268718269,1.713004280949469,1.7972157441306005,SC61,0.1670286172587736
P02,2025-01-01,1.9777379752965345,1.836921818542632,1.9777379752965345,2.1032418850721544,SC61,0.26632006652952245
P03,2025-01-01,1.9382235431119603,1.8400929721656856,1.9382235431119603,2.0410244061972893,SC61,0.20093143403160374
P04,2025-01-01,2.029862267810432,1.937895018016937,2.029862267810432,2.120246030808501,SC61,0.18235101279156396
P05,2025-01-01,2.010704423801017,1.9160717145634771,2.010704423801017,2.110257731158054,SC61,0.1941860165945768
P06,2025-01-01,1.910345503516152,1.8097081962292787,1.910345503516152,2.015868450798361,SC61,0.20616025456908238
P07,2025-01-01,1.902467171819128,1.7927516195777482,1.902467171819128,2.008656505825015,SC61,0.21590488624726678
P08,2025-01-01,1.89544136595475,1.7956316131890548,1.89544136595475,2.008975691677008,SC61,0.21334407848795323
P09,2025-01-01,1.9196589160355693,1.7973004063929512,1.9196589160355693,2.036228667281085,SC61,0.2389282608881338
P10,2025-01-01,1.956818695387382,1.852791837657806,1.956818695387382,2.0576872855295347,SC61,0.20489544787172864
P11,2025-01-01,2.0080608188916207,1.8853664797118808,2.0080608188916207,2.1279408018337103,SC61,0.2425743221218295
P12,2025-01-01,1.9415845023135283,1.8223191986719351,1.9415845023135283,2.07221530157728,SC61,0.2498961029053448
P13,2025-01-01,1.9356575603143469,1.843261653022972,1.9356575603143469,2.0335300094229103,SC61,0.19026835639993833
P14,2025-01-01,1.936162087255824,1.834994801978612,1.936162087255824,2.0586337675828457,SC61,0.22363896560423369
P15,2025-01-01,1.9369223720659503,1.8178386610976915,1.9369223720659503,2.0659452022539893,SC61,0.2481065411562977
P16,2025-01-01,1.9380598526572224,1.8583241152105645,1.9380598526572224,2.025513907314555,SC61,0.16718979210399065
P17,2025-01-01,1.947940672182867,1.8321057440827653,1.947940672182867,2.073872526525082,SC61,0.24176678244231664
P18,2025-01-01,1.9988146032010687,1.886770439658276,1.9988146032010687,2.1036622956487765,SC61,0.21689185599050043
P19,2025-01-01,1.945341043314107,1.839948429905724,1.945341043314107,2.0662955577554145,SC61,0.22634712784969047
P20,2025-01-01,1.8045131189441976,1.6619577902573264,1.8045131189441976,1.961049238603779,SC61,0.2990914483464526
P21,2025-01-01,1.983300963415744,1.8561209855185157,1.983300963415744,2.113122235464517,SC61,0.25700124994600126
P22,2025-01-01,1.9961216599360545,1.897055695276446,1.9961216599360545,2.0988732740800584,SC61,0.2018175788036125
P23,2025-01-01,1.9180433805067496,1.8027932202017796,1.9180433805067496,2.029846909678163,SC61,0.2270536894763835
P24,2025-01-01,1.9631774401445703,1.8234178229440936,1.9631774401445703,2.0966429223407648,SC61,0.27322509939667117
P25,2025-01-01,1.9620692054313456,1.843461240612416,1.9620692054313456,2.0637503303025757,SC61,0.2202890896901597
P26,2025-01-01,2.0020734710519257,1.906307932833423,2.0020734710519257,2.11059624727106,SC61,0.2042883144376373
P27,2025-01-01,1.9491107289618967,1.867056620449273,1.9491107289618967,2.0277799902805644,SC61,0.16072336983129154
P28,2025-01-01,2.1044355685299827,1.97720953718052,2.1044355685299827,2.2179399773528,SC61,0.24073044017227985
P29,2025-01-01,2.0216455552008394,1.923833118915496,2.0216455552008394,2.1224615775698337,SC61,0.19862845865433765
P30,2025-01-01,2.00155480354156,1.9206132718510016,2.00155480354156,2.0825597769259008,SC61,0.16194650507489916
P31,2025-01-01,2.0596053283093863,1.9602818076885569,2.0596053283093863,2.161338698246097,SC61,0.20105689055754028
P32,2025-01-01,1.9315484101163427,1.8445586280659687,1.9315484101163427,2.025567051275403,SC61,0.18100842320943444
P33,2025-01-01,1.976979411154256,1.8825872328985664,1.976979411154256,2.0678471965666985,SC61,0.18525996366813202
P34,2025-01-01,1.9228604266018416,1.8031700218088973,1.9228604266018416,2.0577575110965918,SC61,0.2545874892876945
P35,2025-01-01,1.9690307117449075,1.870401460241828,1.9690307117449075,2.067802090523454,SC61,0.19740063028162602
P36,2025-01-01,1.9698346035293348,1.8193769701277984,1.9698346035293348,2.114154523140931,SC61,0.2947775530131327
P37,2025-01-01,1.9400364353180195,1.8371765294943128,1.9400364353180195,2.0447536479499595,SC61,0.20757711845564675
P38,2025-01-01,1.984285744879263,1.915363869935192,1.984285744879263,2.0628448824955203,SC61,0.1474810125603283
P39,2025-01-01,1.9787249857103304,1.8531926275391664,1.9787249857103304,2.118893633209831,SC61,0.2657010056706648
P40,2025-01-01,1.8934538163212116,1.7969720154586732,1.8934538163212116,2.01040536839277,SC61,0.21343335293409682
P41,2025-01-01,1.7872693179950805,1.7040747208964928,1.7872693179950805,1.87032352380348,SC61,0.1662488029069873
P42,2025-01-01,1.9217183988286,1.829277252991067,1.9217183988286,2.0170546949997754,SC61,0.18777744200870838
P43,2025-01-01,1.9587978011061784,1.823766386375544,1.9587978011061784,2.098908991885473,SC61,0.2751426055099291
P44,2025-01-01,1.816174789788584,1.6889208163727445,1.816174789788584,1.9350390294726767,SC61,0.2461182130999322
P45,2025-01-01,1.7777067672435525,1.6594169084068162,1.7777067672435525,1.9129056032610088,SC61,0.25348869485419256
P46,2025-01-01,1.8608089176887888,1.7346177740244697,1.8608089176887888,2.000063700755497,SC61,0.2654459267310274
P47,2025-01-01,1.8170758430971188,1.6684835912866776,1.8170758430971188,1.9354786403520483,SC61,0.26699504906537075
P48,2025-01-01,1.7861028811316508,1.6983736626970558,1.7861028811316508,1.893497527072216,SC61,0.19512386437516027
P49,2025-01-01,1.9291684565691989,1.8247565268685944,1.9291684565691989,2.0463958580083794,SC61,0.22163933113978507
P50,2025-01-01,1.76369426675892,1.667969322122453,1.76369426675892,1.8561022427159584,SC61,0.1881329205935054
P51,2025-01-01,1.8406179017956277,1.7489568296792122,1.8406179017956277,1.93765603185181,SC61,0.18869920217259772
P52,2025-01-01,1.9322191605390096,1.820013418410138,1.9322191605390096,2.0520105809174787,SC61,0.2319971625073407
P53,2025-01-01,1.91517081108028,1.8247420125284184,1.91517081108028,2.004823043067104,SC61,0.18008103053868574
P54,2025-01-01,1.886500467333918,1.811483377772023,1.886500467333918,2.033659625192484,SC61,0.22217624742046116
P55,2025-01-01,1.9266214814561795,1.8239839948217849,1.9266214814561795,2.03134884477214,SC61,0.2073648499503553
P56,2025-01-01,1.9442629444029584,1.8190519817874848,1.9442629444029584,2.0870158594496337,SC61,0.2679638776621489
P57,2025-01-01,1.9036559234240975,1.815389277437569,1.9036559234240975,2.006745566563432,SC61,0.1913562891258631
P58,2025-01-01,1.9017968244402663,1.811640694247746,1.9017968244402663,2.0010146711297314,SC61,0.18937397688198532
P59,2025-01-01,1.779295620364281,1.6906980631993729,1.779295620364281,1.8921778532465423,SC61,0.20147979004716943
P60,2025-01-01,1.945427907622736,1.8174697349838187,1.945427907622736,2.063789535012429,SC61,0.2463198000286102
P61,2025-01-01,1.9564679439974684,1.8307204576687697,1.9564679439974684,2.090050613618794,SC61,0.2593301559500245
P62,2025-01-01,1.9405647837696456,1.828832558151226,1.9405647837696456,2.0570528341923717,SC61,0.2282202760411458
P63,2025-01-01,1.8770876097845128,1.7538510570769583,1.8770876097845128,2.0016382325678173,SC61,0.24778717549085894
P01,2025-01-01,1.7026989077404815,1.4350125497006998,1.7026989077404815,1.9664683160581573,SC62,0.5314557663574575
P02,2025-01-01,1.5542506226412285,1.3000562256290304,1.5542506226412285,1.7945658713638657,SC62,0.49450964573483525
P03,2025-01-01,1.8532914934701707,1.5293761024333816,1.8532914934701707,2.191052566691617,SC62,0.6616764642582356
P04,2025-01-01,1.5071140362312174,1.196028464276021,1.5071140362312174,1.796936222427962,SC62,0.6009077581519409
P05,2025-01-01,1.4020243930431346,1.192117819130743,1.4020243930431346,1.618999428370114,SC62,0.4268816092393708
P06,2025-01-01,1.540135238679372,1.296292867615357,1.540135238679372,1.7919729398645945,SC62,0.4956800722492376
P07,2025-01-01,1.3341206802151866,0.9833639081684156,1.3341206802151866,1.676949559856256,SC62,0.6935856516878405
P08,2025-01-01,1.8787089214979356,1.622960167280298,1.8787089214979356,2.1367849398806733,SC62,0.5138247726003753
P09,2025-01-01,1.6428863234424798,1.4345787806491053,1.6428863234424798,1.8549967619842755,SC62,0.4204179813351703
P10,2025-01-01,1.546848493992302,1.3116073833495614,1.546848493992302,1.775091968480101,SC62,0.4634845851305396
P11,2025-01-01,1.5225966591559514,1.288506841252241,1.5225966591559514,1.7629560437744258,SC62,0.4744492025221849
P12,2025-01-01,1.920438659266932,1.5846965139003772,1.920438659266932,2.2652872991198176,SC62,0.6805907852194404
P13,2025-01-01,1.8612181651470672,1.4618134963054092,1.8612181651470672,2.2644061869452248,SC62,0.8025926906398155
P14,2025-01-01,2.0108684799783725,1.7282765564366136,2.0108684799783725,2.288631452886957,SC62,0.5603548964503433
P15,2025-01-01,1.7926736777587828,1.525396063003449,1.7926736777587828,2.073974275922285,SC62,0.5485782129188357
P16,2025-01-01,1.819841800744852,1.5513655804452495,1.819841800744852,2.098590786090683,SC62,0.5472252056454334
P17,2025-01-01,1.8223382760244264,1.465160249673421,1.8223382760244264,2.179508555553271,SC62,0.7143483058798501
P18,2025-01-01,2.0549282318701163,1.849917497994154,2.0549282318701163,2.264138113375428,SC62,0.4142206153812742
P19,2025-01-01,1.606346179941918,1.3822900085243102,1.606346179941918,1.8396629669363944,SC62,0.45737295841208425
P20,2025-01-01,1.5982996092899566,1.3296499376942092,1.5982996092899566,1.8684730317603635,SC62,0.5388230940661543
P21,2025-01-01,1.6088403942795373,1.3879955800073502,1.6088403942795373,1.826465544616861,SC62,0.4384699646095107
P22,2025-01-01,1.9542986842571537,1.6991631211879026,1.9542986842571537,2.1964241012300567,SC62,0.49726098004215413
P23,2025-01-01,1.5226266553201309,1.2631273529105274,1.5226266553201309,1.7834543392370272,SC62,0.5203269863264999
P24,2025-01-01,1.8624276608213457,1.6645672852017368,1.8624276608213457,2.057445825397897,SC62,0.3928785401961603
P25,2025-01-01,1.6557086566053296,1.298913911147311,1.6557086566053296,2.0005665583441767,SC62,0.7016526471968658
P26,2025-01-01,1.6265131597621678,1.3822732862814109,1.6265131597621678,1.8779032560737237,SC62,0.4956299697923128
P27,2025-01-01,1.6042236483356758,1.400214149742946,1.6042236483356758,1.809186200822008,SC62,0.4089720510790622
P28,2025-01-01,1.6620457796030756,1.313666228390684,1.6620457796030756,2.0207284142177744,SC62,0.7070621858270905
P29,2025-01-01,1.8678115657482703,1.5517271641099668,1.8678115657482703,2.181872889816672,SC62,0.6301457257067054
P30,2025-01-01,1.512962268359227,1.2703039781878824,1.512962268359227,1.7647868657515358,SC62,0.49448288756365333
P31,2025-01-01,1.9195312950346808,1.516788981879248,1.9195312950346808,2.326576512969286,SC62,0.809787531090038
P32,2025-01-01,1.9334936448540692,1.5814101931989062,1.9334936448540692,2.278684859668767,SC62,0.6972746664698608
P33,2025-01-01,1.946734700264252,1.698224981230961,1.946734700264252,2.1860891057726795,SC62,0.48786412454171835
P34,2025-01-01,1.832322192338922,1.3890400719658214,1.832322192338922,2.28616038592348,SC62,0.8971203139576587
P35,2025-01-01,2.0228153383269296,1.849765890599521,2.0228153383269296,2.189422193777511,SC62,0.33965630317799
P36,2025-01-01,1.6516694667303269,1.3563115697518349,1.6516694667303269,1.9525496377161105,SC62,0.5962380679642756
P37,2025-01-01,2.046864745716352,1.7589550280021014,2.046864745716352,2.3408638124244745,SC62,0.5819087844223731
P38,2025-01-01,1.9891096259541885,1.69094079820944,1.9891096259541885,2.299003132660417,SC62,0.6080623344509768
P39,2025-01-01,1.9523354361206595,1.7087823707997574,1.9523354361206595,2.209990139616785,SC62,0.5012077688170278
P40,2025-01-01,1.9211349943400435,1.7415145916960657,1.9211349943400435,2.1195039501298605,SC62,0.3779893584337948
P41,2025-01-01,1.8398336609250827,1.6382048534342035,1.8398336609250827,2.04336091004164,SC62,0.4051560566074366
P42,2025-01-01,1.6700339302500398,1.3998276443441575,1.6700339302500398,1.9427498606539175,SC62,0.54292221630976
P43,2025-01-01,1.4039155733341009,1.112377719248531,1.4039155733341009,1.690250405648437,SC62,0.5778726863999062
P44,2025-01-01,1.9115114814886889,1.5255168150899343,1.9115114814886889,2.30039941435798,SC62,0.7748825992680457
P45,2025-01-01,1.639736282029268,1.240921685613961,1.639736282029268,2.046793683609044,SC62,0.805871997995083
P46,2025-01-01,1.9424503202810055,1.5204801104246295,1.9424503202810055,2.369996415202282,SC62,0.8495163047776524
P47,2025-01-01,1.7063675440306822,1.2846636507054183,1.7063675440306822,2.129997200058212,SC62,0.8453335493527938
P48,2025-01-01,1.7058325408287194,1.3412479389620229,1.7058325408287194,2.085775183655031,SC62,0.7445272446930082
P49,2025-01-01,2.08837922397402,1.8637182809092212,2.08837922397402,2.32054895076152,SC62,0.4568306698522986
P50,2025-01-01,1.9132179201759445,1.706498209914913,1.9132179201759445,2.1113169994062555,SC62,0.4048187894913424
P51,2025-01-01,1.0975661305923157,0.7296063917145525,1.0975661305923157,1.450641536789247,SC62,0.7210351450746944
P52,2025-01-01,1.689388834790181,1.501897168215941,1.689388834790181,1.860855863194612,SC62,0.35895869497867094
P53,2025-01-01,1.5728183678099856,1.2339285639175666,1.5728183678099856,1.9061194939501271,SC62,0.6721909300325606
P54,2025-01-01,1.7995908370333804,1.5485676021968429,1.7995908370333804,2.065552531115649,SC62,0.5169849289188062
P55,2025-01-01,1.9725363170747936,1.582486435393982,1.9725363170747936,2.356907159228065,SC62,0.774420723834083
P56,2025-01-01,1.3598660990967182,1.2187304195651318,1.3598660990967182,1.4860439341866287,SC62,0.2673135146214969
P57,2025-01-01,1.5975475672028534,1.3592210551390185,1.5975475672028534,1.849657440017144,SC62,0.49043638487812546
P58,2025-01-01,1.7736050446865363,1.405646636380247,1.7736050446865363,2.1530868196961137,SC62,0.7474401833158668
P59,2025-01-01,1.4134168112290604,1.1521637582623552,1.4134168112290604,1.6722436216589407,SC62,0.5200798633965855
P60,2025-01-01,1.3922680264727494,1.0858643951577878,1.3922680264727494,1.6863809691916931,SC62,0.6005165740339053
P61,2025-01-01,1.810136520595223,1.547452517402737,1.810136520595223,2.0812126213781186,SC62,0.5337601039753817
P62,2025-01-01,1.5523151762682383,1.190880609586553,1.5523151762682383,1.913079167413136,SC62,0.722198557826583
P63,2025-01-01,1.5231597683904723,1.233959885867947,1.5231597683904723,1.8099507568101392,SC62,0.5759908709421921
P01,2025-01-01,2.160320656198455,2.0348353306301536,2.160320656198455,2.2826492899771305,SC63,0.2478139593469768
P02,2025-01-01,1.7614969650342145,1.6145359661568546,1.7614969650342145,1.9192220859208515,SC63,0.30468611976399695
P03,2025-01-01,1.7701239119012109,1.5957893459332004,1.7701239119012109,1.9568007222558932,SC63,0.36101137632269276
P04,2025-01-01,1.8626985125487512,1.7130348426762974,1.8626985125487512,2.0178012999720547,SC63,0.30476645729575735
P05,2025-01-01,1.880413537650236,1.7502698758005573,1.880413537650236,2.013938690207313,SC63,0.2636688144067558
P06,2025-01-01,1.9517124655843208,1.7811890399089731,1.9517124655843208,2.1238844365248664,SC63,0.3426953966158932
P07,2025-01-01,1.7492613972167328,1.5411630998002488,1.7492613972167328,1.9580148241851043,SC63,0.4168517243848555
P08,2025-01-01,1.9283618337792263,1.7676678709802764,1.9283618337792263,2.1009701839234904,SC63,0.333302312943214
P09,2025-01-01,1.9052523757590527,1.7675568417606022,1.9052523757590527,2.074322900697598,SC63,0.3067660589369956
P10,2025-01-01,1.8709763617073063,1.6959630677967774,1.8709763617073063,2.0489273450413967,SC63,0.3529642772446193
P11,2025-01-01,1.8703627053124496,1.692146931323627,1.8703627053124496,2.0480514401310077,SC63,0.35590450880738067
P12,2025-01-01,1.997695213139828,1.8382744497679624,1.997695213139828,2.162825743853308,SC63,0.32455129408534567
P13,2025-01-01,1.923977396799968,1.7981667736071738,1.923977396799968,2.0529223898429203,SC63,0.2547556162357465
P14,2025-01-01,2.313117779622992,2.0911455160846404,2.313117779622992,2.5437576313952914,SC63,0.45261211531065104
P15,2025-01-01,2.0863579039071665,1.8730293666383089,2.0863579039071665,2.299583623163786,SC63,0.4265542565254772
P16,2025-01-01,1.9270020064646711,1.7779235323877802,1.9270020064646711,2.0961532089370243,SC63,0.31822967654924406
P17,2025-01-01,1.914744133921519,1.7318528562500102,1.914744133921519,2.0928170168128686,SC63,0.3609641605628584
P18,2025-01-01,2.2380050782707177,2.082224326706938,2.2380050782707177,2.391105319551981,SC63,0.3088809928450429
P19,2025-01-01,2.141322257831576,2.000119488484126,2.141322257831576,2.286205643796228,SC63,0.28608615531210235
P20,2025-01-01,2.3175994526188664,2.211949622613505,2.3175994526188664,2.419612266804678,SC63,0.20766264419117286
P21,2025-01-01,2.089054591332369,1.9461660184434368,2.089054591332369,2.247967127911105,SC63,0.301801109467668
P22,2025-01-01,2.1232719477763737,1.94553462458972,2.1232719477763737,2.296226728376701,SC63,0.350692103786981
P23,2025-01-01,1.8787508443256256,1.738902026467137,1.8787508443256256,2.021609011291857,SC63,0.2827069848247199
P24,2025-01-01,1.992947431629268,1.8328884654239488,1.992947431629268,2.154235564819145,SC63,0.32134709939519635
P25,2025-01-01,1.9779102477128536,1.8038237309715843,1.9779102477128536,2.1504254668085547,SC63,0.3466017358369704
P26,2025-01-01,1.9807770287632835,1.85819656098467,1.9807770287632835,2.105485233348767,SC63,0.2472886723640968
P27,2025-01-01,1.92927982570742,1.7513522202326703,1.92927982570742,2.111171497687602,SC63,0.3598192774549316
P28,2025-01-01,1.9359245981369817,1.8077957695241684,1.9359245981369817,2.0828345224929743,SC63,0.27503875296880587
P29,2025-01-01,1.928774398074386,1.7836273098807067,1.928774398074386,2.070482208857558,SC63,0.28685489897685135
P30,2025-01-01,1.9740753825056727,1.8564453262574696,1.9740753825056727,2.094106641670975,SC63,0.23766131541350544
P31,2025-01-01,2.111127919235437,1.961570765470808,2.111127919235437,2.2568990753709004,SC63,0.2953283099000923
P32,2025-01-01,2.227149152787248,2.1357867721027866,2.227149152787248,2.315910476180677,SC63,0.18012370407789025
P33,2025-01-01,1.897046202211768,1.7450285925357392,1.897046202211768,2.066758285154398,SC63,0.3217296926186588
P34,2025-01-01,1.75703219743272,1.6275441937095825,1.75703219743272,1.902838447878079,SC63,0.2752942541684966
P35,2025-01-01,1.924469973272091,1.7793625706237302,1.924469973272091,2.073448339970745,SC63,0.2940857693470147
P36,2025-01-01,1.8623824733529295,1.683095144411335,1.8623824733529295,2.042927192078384,SC63,0.3598320476670491
P37,2025-01-01,2.135104315407882,2.013094643143277,2.135104315407882,2.2683700864197407,SC63,0.2552754432764637
P38,2025-01-01,2.0868481752188397,1.96193285721372,2.0868481752188397,2.2190944472988177,SC63,0.25716159008509765
P39,2025-01-01,2.046076349382949,1.888779316307672,2.046076349382949,2.2012134293408563,SC63,0.31243411303318425
P40,2025-01-01,1.7372651680435578,1.6207979334449716,1.7372651680435578,1.8686937645272148,SC63,0.24789583108224322
P41,2025-01-01,1.768620516908574,1.6478701364037345,1.768620516908574,1.915250727535408,SC63,0.26738059113167356
P42,2025-01-01,1.885224869573562,1.724617441217897,1.885224869573562,2.052357844241559,SC63,0.32774040302366214
P43,2025-01-01,1.77941972863653,1.6578222421248958,1.77941972863653,1.9025229476844805,SC63,0.24470070555958467
P44,2025-01-01,1.885900647343744,1.745674832426538,1.885900647343744,2.0207390964429264,SC63,0.2750642640163883
P45,2025-01-01,1.8746134925471472,1.7176639103997728,1.8746134925471472,2.0295038981303053,SC63,0.31183998773053245
P46,2025-01-01,1.913320053626263,1.747521471091917,1.913320053626263,2.088378351836917,SC63,0.3408568807450001
P47,2025-01-01,2.1822519179789284,2.0019928867451435,2.1822519179789284,2.3622516094032955,SC63,0.36025872265815195
P48,2025-01-01,2.052552694552774,1.859464070617972,2.052552694552774,2.2505312537426265,SC63,0.3910671831246546
P49,2025-01-01,2.252213981393433,2.1792439647171387,2.252213981393433,2.3234695002650856,SC63,0.14422553554794693
P50,2025-01-01,2.190369754501228,2.0860833236025,2.190369754501228,2.291767207872338,SC63,0.2056838842698383
P51,2025-01-01,1.9863694773309932,1.8501751912498416,1.9863694773309932,2.127057715209631,SC63,0.2768825239597892
P52,2025-01-01,1.9152310411054787,1.6911517123454014,1.9152310411054787,2.144004921095033,SC63,0.45285320874963153
P53,2025-01-01,1.9047786046252817,1.779649209104262,1.9047786046252817,2.038979946290405,SC63,0.2593307371861431
P54,2025-01-01,2.0130030699228447,1.8531921445317896,2.0130030699228447,2.175878344607609,SC63,0.3226862000758195
P55,2025-01-01,2.222793757081991,2.042171396015523,2.222793757081991,2.4016207666431795,SC63,0.35944937062765625
P56,2025-01-01,2.1629019073422686,2.046415202779823,2.1629019073422686,2.300932382933233,SC63,0.2545171801534103
P57,2025-01-01,2.20325804398729,2.0961974548550306,2.20325804398729,2.31275530080029,SC63,0.2165578459452595
P58,2025-01-01,1.9525887729207332,1.824836183220251,1.9525887729207332,2.076628261472611,SC63,0.25179207825235994
P59,2025-01-01,2.150707224367653,2.006824707487968,2.150707224367653,2.308805836456459,SC63,0.30198112896849105
P60,2025-01-01,2.097670227833019,1.945960765055564,2.097670227833019,2.250911723696297,SC63,0.30495095864073307
P61,2025-01-01,2.053123922458486,1.9135546292977463,2.053123922458486,2.2075722336875385,SC63,0.2940176043897922
P62,2025-01-01,2.095442716501699,1.9759758381519064,2.095442716501699,2.2161132808504087,SC63,0.24013744269850235
P63,2025-01-01,2.0769919352081647,1.906215232025105,2.0769919352081647,2.286276263851849,SC63,0.3800610318267439
P01,2025-01-01,2.062057443474133,1.9314914038334483,2.062057443474133,2.189383448029421,SC64,0.25789204419597267
P02,2025-01-01,2.0409078873927498,1.9027479927186293,2.0409078873927498,2.1732109609498687,SC64,0.2704629682312394
P03,2025-01-01,2.00726409803848,1.8799900643512968,2.00726409803848,2.1356135273849306,SC64,0.2556234630336338
P04,2025-01-01,2.0251518758726723,1.8987586973523236,2.0251518758726723,2.1433783940859845,SC64,0.2446196967336609
P05,2025-01-01,2.0862683032476284,1.9550862400660776,2.0862683032476284,2.218431568327936,SC64,0.2633453282618585
P06,2025-01-01,2.0684195130361944,1.940251143858624,2.0684195130361944,2.1970869418298102,SC64,0.25683579797118616
P07,2025-01-01,2.0283354739028727,1.9064302677419216,2.0283354739028727,2.1470347691861207,SC64,0.2406045014441991
P08,2025-01-01,2.050257840885518,1.9203622129163127,2.050257840885518,2.180519003525127,SC64,0.26015679060881447
P09,2025-01-01,2.0852718180303182,1.955221949239136,2.0852718180303182,2.2155953152847943,SC64,0.2603733660456582
P10,2025-01-01,2.0116040184885637,1.8851834953966164,2.0116040184885637,2.1352826933984543,SC64,0.2500991980018379
P11,2025-01-01,2.0907103036028927,1.9634453171657889,2.0907103036028927,2.2177564737132918,SC64,0.2543111565475029
P12,2025-01-01,2.0732415211468025,1.9481383123439509,2.0732415211468025,2.199144090583533,SC64,0.25100577823958226
P13,2025-01-01,2.069043360427665,1.9396373303652337,2.069043360427665,2.198129429883147,SC64,0.2584920995179134
P14,2025-01-01,2.0838131840102263,1.9465676438269928,2.0838131840102263,2.228085388672225,SC64,0.2815177448452324
P15,2025-01-01,2.045851066564758,1.921740226990054,2.045851066564758,2.1750894993389287,SC64,0.2533492723488746
P16,2025-01-01,2.0682811719885468,1.9413353592430893,2.0682811719885468,2.196555972525975,SC64,0.2552206132828856
P17,2025-01-01,1.9885890580620689,1.861953599633328,1.9885890580620689,2.1154918269313505,SC64,0.25353822729802244
P18,2025-01-01,2.0570515662360838,1.9377280365078664,2.0570515662360838,2.1782510907854715,SC64,0.24052305427760512
P19,2025-01-01,2.038758724427173,1.9204183285020069,2.038758724427173,2.1588393698361346,SC64,0.23842104133412767
P20,2025-01-01,2.0759660127986463,1.9511431209006835,2.0759660127986463,2.198435425724372,SC64,0.24729230482368858
P21,2025-01-01,2.072232163069822,1.9465170345232463,2.072232163069822,2.1953640009716704,SC64,0.24884696644842408
P22,2025-01-01,2.0736376529964167,1.9395758437899635,2.0736376529964167,2.202591636245222,SC64,0.2630157924552583
P23,2025-01-01,2.0566452374907467,1.927918840756044,2.0566452374907467,2.18337069756433,SC64,0.25545185680828597
P24,2025-01-01,2.1056818970325826,1.973069757850191,2.1056818970325826,2.236016783371391,SC64,0.2629470255212001
P25,2025-01-01,2.103466611568546,1.9763453001362183,2.103466611568546,2.2254456446333637,SC64,0.24910034449714535
P26,2025-01-01,2.0927257789819502,1.959209107711237,2.0927257789819502,2.226084995605949,SC64,0.26687588789471195
P27,2025-01-01,2.034630622728619,1.9064336022634727,2.034630622728619,2.160915202686799,SC64,0.25448160042332635
P28,2025-01-01,2.058276043201944,1.9244005400835296,2.058276043201944,2.1923852156292014,SC64,0.26798467554567185
P29,2025-01-01,2.01969187393356,1.8955343276054053,2.01969187393356,2.1405225157295327,SC64,0.24498818812412737
P30,2025-01-01,2.052390866722836,1.935239407334276,2.052390866722836,2.171429005232985,SC64,0.23618959789870897
P31,2025-01-01,2.106707463926948,1.9837583440003992,2.106707463926948,2.2287623615227448,SC64,0.24500401752234557
P32,2025-01-01,2.08833543940976,1.9612569912821007,2.08833543940976,2.2138106508821327,SC64,0.25255365960003195
P33,2025-01-01,2.066432842919478,1.937980392818948,2.066432842919478,2.19134648984508,SC64,0.2533660970261318
P34,2025-01-01,2.065244426064919,1.9373602989584275,2.065244426064919,2.1950129699323906,SC64,0.25765267097396305
P35,2025-01-01,2.103902450737218,1.982036914781196,2.103902450737218,2.2225323933328727,SC64,0.24049547855167663
P36,2025-01-01,2.0407168578481745,1.920871609190106,2.0407168578481745,2.160322095594787,SC64,0.23945048640468114
P37,2025-01-01,2.0140201904199744,1.8917253915248435,2.0140201904199744,2.135691925473742,SC64,0.24396653394889856
P38,2025-01-01,2.0918860013948377,1.9630479939574064,2.0918860013948377,2.221423845535716,SC64,0.25837585157830945
P39,2025-01-01,1.9917450655510625,1.8621653306939423,1.9917450655510625,2.1227516310216976,SC64,0.2605863003277553
P40,2025-01-01,1.9643306280163368,1.8433978266516216,1.9643306280163368,2.087828783334301,SC64,0.24443095668267945
P41,2025-01-01,2.003006007998106,1.884601562700885,2.003006007998106,2.118885727386729,SC64,0.23428416468584423
P42,2025-01-01,2.060628225268616,1.9398762297770176,2.060628225268616,2.181772847100788,SC64,0.2418966173237702
P43,2025-01-01,1.998245652688348,1.867190425611543,1.998245652688348,2.1260187684796725,SC64,0.2588283428681295
P44,2025-01-01,1.9995720146338136,1.8706067104744235,1.9995720146338136,2.126922523364493,SC64,0.25631581289006955
P45,2025-01-01,2.018400927486595,1.8967108166248647,2.018400927486595,2.140880464136507,SC64,0.24416964751164238
P46,2025-01-01,2.084327519092279,1.9605709329328056,2.084327519092279,2.2086244412603357,SC64,0.24805350832753015
P47,2025-01-01,2.0453582042225564,1.9036741669475976,2.0453582042225564,2.188774940706214,SC64,0.2851007737586162
P48,2025-01-01,2.010314242404311,1.885083572974704,2.010314242404311,2.138072502036352,SC64,0.2529889290616478
P49,2025-01-01,2.076065429450347,1.955447068854293,2.076065429450347,2.196642074745073,SC64,0.2411950058907799
P50,2025-01-01,1.9971515006978475,1.874809746105066,1.9971515006978475,2.1154956333351764,SC64,0.24068588723011053
P51,2025-01-01,2.03629911912942,1.9166426142515447,2.03629911912942,2.1486050641717167,SC64,0.231962449920172
P52,2025-01-01,1.9598871207381496,1.831514758783846,1.9598871207381496,2.0817238318044664,SC64,0.25020907302062034
P53,2025-01-01,2.018634155690871,1.8975767386073512,2.018634155690871,2.1355358397842608,SC64,0.23795910117690955
P54,2025-01-01,2.048257330297792,1.9151765919753996,2.048257330297792,2.183429158989049,SC64,0.2682525670136493
P55,2025-01-01,2.037285592266623,1.9040519948483927,2.037285592266623,2.1688614061991496,SC64,0.26480941135075686
P56,2025-01-01,2.050949017289181,1.928492453855207,2.050949017289181,2.1669761861347885,SC64,0.23848373227958142
P57,2025-01-01,2.0547996720663875,1.9353817261130708,2.0547996720663875,2.176092543788997,SC64,0.24071081767592628
P58,2025-01-01,2.013502356023643,1.8957158123857132,2.013502356023643,2.1334631159575643,SC64,0.23774730357185114
P59,2025-01-01,2.078678305135501,1.9484023619524269,2.078678305135501,2.206878007644585,SC64,0.2584756456921582
P60,2025-01-01,2.0616957472027275,1.9385402059422563,2.0616957472027275,2.177970944012725,SC64,0.23943073807046877
P61,2025-01-01,2.097736074512585,1.974370445220816,2.097736074512585,2.22058988939201,SC64,0.24621944417119423
P62,2025-01-01,2.093138395492276,1.9630955277390223,2.093138395492276,2.2214482462409126,SC64,0.25835271850189034
P63,2025-01-01,2.0430324534745554,1.9122188811916845,2.0430324534745554,2.1727408452928234,SC64,0.2605219641011389
P01,2025-01-01,0.83977461136408,0.7133997837719863,0.83977461136408,0.975392950066718,SC71,0.2619931662947317
P02,2025-01-01,0.9257444512601932,0.7541251727360995,0.9257444512601932,1.0946245005820163,SC71,0.34049932784591685
P03,2025-01-01,0.857403926866543,0.7208385297530887,0.857403926866543,1.0224572077117202,SC71,0.3016186779586315
P04,2025-01-01,0.882125283727893,0.7078615095049776,0.882125283727893,1.0572773222045435,SC71,0.3494158126995659
P05,2025-01-01,0.9046766908704984,0.7520734894432775,0.9046766908704984,1.0829603868297086,SC71,0.3308868973864312
P06,2025-01-01,0.8542004434396406,0.7016120952664289,0.8542004434396406,1.0276535882513411,SC71,0.32604149298491225
P07,2025-01-01,0.8671638233558591,0.6988500046901807,0.8671638233558591,1.0456677557299143,SC71,0.34681775103973367
P08,2025-01-01,0.8448273779513309,0.6934892456945727,0.8448273779513309,1.0190542023784706,SC71,0.32556495668389784
P09,2025-01-01,0.9545003604444908,0.7826821862710291,0.9545003604444908,1.1463503582828565,SC71,0.36366817201182733
P10,2025-01-01,0.8681701545948843,0.6882631276516785,0.8681701545948843,1.0558221760741322,SC71,0.3675590484224537
P11,2025-01-01,0.8825341296123775,0.7077411010696256,0.8825341296123775,1.0681781910380583,SC71,0.3604370899684327
P12,2025-01-01,0.8600456822792768,0.7124806576699455,0.8600456822792768,1.0283452943493645,SC71,0.315864636679419
P13,2025-01-01,0.975917099571215,0.7914153297869231,0.975917099571215,1.186936998242326,SC71,0.3955216684554028
P14,2025-01-01,1.0027062683693366,0.7860428020573949,1.0027062683693366,1.2395399986273343,SC71,0.4534971965699395
P15,2025-01-01,0.9165552560480816,0.7072946763253276,0.9165552560480816,1.1533295587717196,SC71,0.446034882446392
P16,2025-01-01,0.9282530646335972,0.7629329233204982,0.9282530646335972,1.1269998438197495,SC71,0.36406692049925127
P17,2025-01-01,0.868066389248382,0.7234945934322248,0.868066389248382,1.0336290906772465,SC71,0.31013449724502173
P18,2025-01-01,0.8751218877360492,0.696584597889245,0.8751218877360492,1.0676928683483535,SC71,0.37110827045910855
P19,2025-01-01,0.828781990591392,0.6918272668380896,0.828781990591392,0.9956120872909568,SC71,0.30378482045286725
P20,2025-01-01,0.8546318370533754,0.6733982117026354,0.8546318370533754,1.0365585648830962,SC71,0.3631603531804608
P21,2025-01-01,0.8792236190805535,0.7146050135162099,0.8792236190805535,1.0467953282766318,SC71,0.33219031476042193
P22,2025-01-01,0.8391163847959041,0.6890161061406803,0.8391163847959041,1.003164775581293,SC71,0.3141486694406126
P23,2025-01-01,0.9086245265976672,0.7461457802089275,0.9086245265976672,1.084060811203713,SC71,0.33791503099478537
P24,2025-01-01,0.8956934901122628,0.7271629237141342,0.8956934901122628,1.082960504872861,SC71,0.35579758115872684
P25,2025-01-01,0.9360963768496964,0.7546591318191553,0.9360963768496964,1.1212249591378611,SC71,0.3665658273187058
P26,2025-01-01,0.9894107549334196,0.8081769091995811,0.9894107549334196,1.196112068422337,SC71,0.3879351592227559
P27,2025-01-01,0.9426459306433232,0.7790868898085334,0.9426459306433232,1.1185726150430524,SC71,0.33948572523451903
P28,2025-01-01,0.9743717665829804,0.817939056456231,0.9743717665829804,1.1575879992262186,SC71,0.3396489427699876
P29,2025-01-01,0.9487626852286096,0.7947562872219494,0.9487626852286096,1.124326205257184,SC71,0.3295699180352347
P30,2025-01-01,0.9848851555244256,0.8212856620392757,0.9848851555244256,1.1811651233802936,SC71,0.3598794613410179
P31,2025-01-01,0.9739657536903858,0.8119101306063468,0.9739657536903858,1.1605033504224962,SC71,0.34859321981614944
P32,2025-01-01,0.8940572402105098,0.7382122993355167,0.8940572402105098,1.0708725607957006,SC71,0.3326602614601839
P33,2025-01-01,0.9325459267777324,0.7797965841626807,0.9325459267777324,1.1025478687662438,SC71,0.32275128460356306
P34,2025-01-01,0.9497180878854932,0.7917363786553848,0.9497180878854932,1.1400116730847731,SC71,0.3482752944293883
P35,2025-01-01,1.020188240172522,0.8431702890493551,1.020188240172522,1.2117329988125023,SC71,0.3685627097631472
P36,2025-01-01,0.9444208715830946,0.7715654788452546,0.9444208715830946,1.138912858854855,SC71,0.3673473800096003
P37,2025-01-01,0.9543726862554208,0.7715791932195268,0.9543726862554208,1.1519963465848628,SC71,0.380417153365336
P38,2025-01-01,1.0069959731212732,0.8447653348361026,1.0069959731212732,1.1969858632990102,SC71,0.35222052846290763
P39,2025-01-01,1.0057052812127243,0.832317998786207,1.0057052812127243,1.1986541363101786,SC71,0.36633613752397154
P40,2025-01-01,0.8109203325406303,0.6929942252062393,0.8109203325406303,0.9574715555527356,SC71,0.26447733034649623
P41,2025-01-01,0.8616100136312965,0.6957929552877378,0.8616100136312965,1.0446562900107916,SC71,0.34886333472305386
P42,2025-01-01,0.8859559333654863,0.7234016724329018,0.8859559333654863,1.064990841325563,SC71,0.34158916889266133
P43,2025-01-01,0.8284765347542935,0.6804452091166653,0.8284765347542935,0.9942748117889828,SC71,0.3138296026723175
P44,2025-01-01,0.8308473465003696,0.7095159348192582,0.8308473465003696,0.9674417639745754,SC71,0.25792582915531714
P45,2025-01-01,0.7980060000384672,0.66175056627956,0.7980060000384672,0.9618682460658698,SC71,0.3001176797863099
P46,2025-01-01,1.04974411573281,0.8200956748077735,1.04974411573281,1.308775049632247,SC71,0.48867937482447354
P47,2025-01-01,0.9675402856089172,0.7475745240937348,0.9675402856089172,1.201790546709728,SC71,0.45421602261599325
P48,2025-01-01,0.8770184154048644,0.7440741856749935,0.8770184154048644,1.040943122914839,SC71,0.2968689372398454
P49,2025-01-01,0.9809998195879278,0.7973548890685331,0.9809998195879278,1.1882993047426087,SC71,0.39094441567407556
P50,2025-01-01,0.8912816545444093,0.7475803583072551,0.8912816545444093,1.0476173029291425,SC71,0.30003694462188735
P51,2025-01-01,0.9799227194408362,0.8077210265262531,0.9799227194408362,1.1641396145498717,SC71,0.3564185880236186
P52,2025-01-01,0.9614611449578784,0.7788863869734391,0.9614611449578784,1.1571395388494907,SC71,0.3782531518760516
P53,2025-01-01,1.019491175085267,0.853291486649387,1.019491175085267,1.2054529214811809,SC71,0.35216143483179385
P54,2025-01-01,0.9869269508330952,0.8359762705030738,0.9869269508330952,1.1741363274807894,SC71,0.3381600569777157
P55,2025-01-01,1.0171788616134705,0.8435809030366135,1.0171788616134705,1.2046274259761742,SC71,0.36104652293956074
P56,2025-01-01,1.0156431246588773,0.8207494538467465,1.0156431246588773,1.2324882025161343,SC71,0.41173874866938787
P57,2025-01-01,1.04827505125753,0.8745245519585465,1.04827505125753,1.2564104000750511,SC71,0.3818858481165046
P58,2025-01-01,0.9106366114057314,0.7623866979568166,0.9106366114057314,1.094029506190167,SC71,0.33164280823335046
P59,2025-01-01,1.008356647711529,0.8412078485255661,1.008356647711529,1.1952632166013577,SC71,0.35405536807579163
P60,2025-01-01,1.0191794127973672,0.8707111819562441,1.0191794127973672,1.167638089311956,SC71,0.2969269073557119
P61,2025-01-01,1.1116409410183947,0.9211715486950548,1.1116409410183947,1.3148967731479575,SC71,0.3937252244529027
P62,2025-01-01,1.0225037868799554,0.8638605823534384,1.0225037868799554,1.205166139160188,SC71,0.34130555680674957
P63,2025-01-01,1.0286590750497164,0.8587297340370532,1.0286590750497164,1.220651552014137,SC71,0.3619218179770838
P01,2025-01-01,1.6233349905494614,1.507001856448272,1.6233349905494614,1.7403807801353277,SC72,0.23337892368705582
P02,2025-01-01,2.124663660441904,1.9860408943002263,2.124663660441904,2.2640564217365315,SC72,0.2780155274363052
P03,2025-01-01,1.984649742955531,1.8183442477472744,1.984649742955531,2.152069584250766,SC72,0.33372533650349157
P04,2025-01-01,1.9698509170938132,1.8299227642538376,1.9698509170938132,2.11069698146333,SC72,0.28077421720949247
P05,2025-01-01,1.907074665422061,1.7845598809173515,1.907074665422061,2.030284685954011,SC72,0.2457248050366594
P06,2025-01-01,1.894490555344368,1.7721967331557562,1.894490555344368,2.01754964156725,SC72,0.2453529084114936
P07,2025-01-01,2.05093460276123,1.85097735308556,2.05093460276123,2.252362738607764,SC72,0.40138538552220404
P08,2025-01-01,2.0165792867329237,1.8641692067845657,2.0165792867329237,2.169968931765261,SC72,0.3057997249806952
P09,2025-01-01,1.994733403902232,1.874418194017895,1.994733403902232,2.1156031903027204,SC72,0.24118499628482537
P10,2025-01-01,1.940174664146313,1.8160177157047213,1.940174664146313,2.0651319390544653,SC72,0.2491142233497441
P11,2025-01-01,2.020645528519116,1.874673436447293,2.020645528519116,2.167530599836124,SC72,0.29285716338883105
P12,2025-01-01,1.8642225065159648,1.7379542077802834,1.8642225065159648,1.9913555270863057,SC72,0.2534013193060223
P13,2025-01-01,1.916774209235783,1.803299842445622,1.916774209235783,2.0307782303499984,SC72,0.22747838790437647
P14,2025-01-01,2.189875168477984,1.932776455347098,2.189875168477984,2.448686777538684,SC72,0.515910322191586
P15,2025-01-01,1.8384481121314449,1.6675978924540589,1.8384481121314449,2.0105911714551707,SC72,0.3429932790011119
P16,2025-01-01,1.9086426474962557,1.771951111690335,1.9086426474962557,2.046192639198553,SC72,0.2742415275082182
P17,2025-01-01,1.8868637699368287,1.767796546993358,1.8868637699368287,2.006729710021452,SC72,0.23893316302809375
P18,2025-01-01,1.937327278811311,1.7991502037771183,1.937327278811311,2.0762752579692867,SC72,0.2771250541921684
P19,2025-01-01,1.835926024087068,1.6503801220113978,1.835926024087068,2.0228232603173435,SC72,0.37244313830594566
P20,2025-01-01,1.8347139971306945,1.7441236191699618,1.8347139971306945,1.925629049042099,SC72,0.18150542987213725
P21,2025-01-01,1.938344801961728,1.7795685439124034,1.938344801961728,2.098342061159276,SC72,0.31877351724687264
P22,2025-01-01,1.8760527631511723,1.762780078413541,1.8760527631511723,1.9899315377192028,SC72,0.22715145930566183
P23,2025-01-01,1.78773489808924,1.61599379014579,1.78773489808924,1.9609232217089976,SC72,0.34492943156320766
P24,2025-01-01,1.9748231399949785,1.8594012581515744,1.9748231399949785,2.0908373578969988,SC72,0.23143609974542434
P25,2025-01-01,1.9605932715244463,1.8176927015675692,1.9605932715244463,2.1042909865499686,SC72,0.28659828498239937
P26,2025-01-01,2.1085621185331784,2.0000545346009493,2.1085621185331784,2.21748175682532,SC72,0.21742722222437072
P27,2025-01-01,1.972134768103386,1.873869575233928,1.972134768103386,2.070723286368428,SC72,0.19685371113450012
P28,2025-01-01,2.0673112438183967,1.902046571554053,2.0673112438183967,2.233539045185924,SC72,0.33149247363187073
P29,2025-01-01,1.946056262837534,1.828869894117934,1.946056262837534,2.0638373592521218,SC72,0.23496746513418776
P30,2025-01-01,1.9059115095953765,1.7797494413325774,1.9059115095953765,2.032731866456236,SC72,0.25298242512365876
P31,2025-01-01,2.047196396770949,1.898230371211256,2.047196396770949,2.1969335201695204,SC72,0.29870314895826433
P32,2025-01-01,1.8017446170925988,1.688445710156261,1.8017446170925988,1.91572806102244,SC72,0.22728235086617898
P33,2025-01-01,1.9004383599076755,1.7956698282845167,1.9004383599076755,2.005605154866062,SC72,0.20993532658154512
P34,2025-01-01,1.938332694829273,1.7935491788648776,1.938332694829273,2.0840688569299526,SC72,0.29051967806507495
P35,2025-01-01,1.9501175274353448,1.816174937493796,1.9501175274353448,2.0847980601321154,SC72,0.26862312263831933
P36,2025-01-01,1.9029957998697555,1.774685657620396,1.9029957998697555,2.032035212398523,SC72,0.2573495547781268
P37,2025-01-01,2.028572758967182,1.8998608660000933,2.028572758967182,2.158087168871527,SC72,0.2582263028714338
P38,2025-01-01,2.072623556161348,1.9273977752038136,2.072623556161348,2.2186355298340503,SC72,0.2912377546302367
P39,2025-01-01,1.971383289571203,1.858507169081134,1.971383289571203,2.084874634303482,SC72,0.22636746522234796
P40,2025-01-01,1.8345292856728213,1.7279263105481837,1.8345292856728213,1.94161755436464,SC72,0.2136912438164562
P41,2025-01-01,1.9492882121197064,1.823174453158748,1.9492882121197064,2.07598855529106,SC72,0.25281410213231204
P42,2025-01-01,1.933318340597603,1.7970178202813938,1.933318340597603,2.0704298715129488,SC72,0.273412051231555
P43,2025-01-01,1.889586456228514,1.749852977733933,1.889586456228514,2.0301047416302715,SC72,0.28025176389633866
P44,2025-01-01,1.7933641904113533,1.6726383700467349,1.7933641904113533,1.9147526728648432,SC72,0.2421143028181083
P45,2025-01-01,1.881934650075507,1.7307357050936616,1.881934650075507,2.0341218549688898,SC72,0.30338614987522816
P46,2025-01-01,1.9866833952420573,1.8501605262798333,1.9866833952420573,2.1240758736198124,SC72,0.27391534733997913
P47,2025-01-01,1.9391435655938507,1.820469723741172,1.9391435655938507,2.058403112488415,SC72,0.2379333887472428
P48,2025-01-01,1.8225098592871376,1.6823968530087876,1.8225098592871376,1.963515594132611,SC72,0.2811187411238234
P49,2025-01-01,2.021613942551105,1.8591210952413053,2.021613942551105,2.185178168449581,SC72,0.3260570732082757
P50,2025-01-01,1.788190116463142,1.689773972587963,1.788190116463142,1.8871442146091608,SC72,0.1973702420211978
P51,2025-01-01,1.900504796348324,1.785623256049568,1.900504796348324,2.016065926455067,SC72,0.23044267040549915
P52,2025-01-01,1.9639405993339871,1.829280090867228,1.9639405993339871,2.099251968169952,SC72,0.269971877302724
P53,2025-01-01,1.9096049959922263,1.788925781447528,1.9096049959922263,2.030933595691172,SC72,0.24200781424364415
P54,2025-01-01,2.003072647517848,1.8633109948473956,2.003072647517848,2.1436273399870367,SC72,0.2803163451396411
P55,2025-01-01,1.9535365345652689,1.810803932896192,1.9535365345652689,2.0972265358410507,SC72,0.28642260294485866
P56,2025-01-01,1.937950547970002,1.7831994832347098,1.937950547970002,2.09363006680638,SC72,0.3104305835716703
P57,2025-01-01,1.9892446968282176,1.8624868888555224,1.9892446968282176,2.116736126219389,SC72,0.25424923736386673
P58,2025-01-01,1.84181554605278,1.6912818089772093,1.84181554605278,1.9933205482655467,SC72,0.30203873928833747
P59,2025-01-01,1.922753353868468,1.7785657427952195,1.922753353868468,2.0680048258945702,SC72,0.28943908309935074
P60,2025-01-01,1.893551715863552,1.7471831632010135,1.893551715863552,2.0409033651852733,SC72,0.29372020198425974
P61,2025-01-01,1.9912888580147456,1.846056559720273,1.9912888580147456,2.137550692437263,SC72,0.2914941327169902
P62,2025-01-01,1.985311414174447,1.8465232579963688,1.985311414174447,2.1249216525144288,SC72,0.2783983945180599
P63,2025-01-01,1.968436661502456,1.82156978355466,1.968436661502456,2.116241299326504,SC72,0.29467151577184403
P01,2025-01-01,0.3706867532743202,0.3141212929617332,0.3706867532743202,0.444976608385186,SC73,0.1308553154234528
P02,2025-01-01,0.6973063919570419,0.5924115797217948,0.6973063919570419,0.8140781449195231,SC73,0.22166656519772832
P03,2025-01-01,0.7538786248846369,0.6559510660465389,0.7538786248846369,0.9796248873741632,SC73,0.32367382132762434
P04,2025-01-01,0.7403046478936961,0.5953476071940729,0.7403046478936961,0.8780372778209957,SC73,0.28268967062692285
P05,2025-01-01,0.5605110539184822,0.4676544216354756,0.5605110539184822,0.6795127271904109,SC73,0.2118583055549353
P06,2025-01-01,0.5924933723040989,0.5115398695583604,0.5924933723040989,0.7092855088255485,SC73,0.19774563926718813
P07,2025-01-01,0.7843975224992732,0.4965609112184221,0.7843975224992732,1.131354729235294,SC73,0.6347938180168717
P08,2025-01-01,0.6983986654124417,0.4619407194160972,0.6983986654124417,1.0407027482171816,SC73,0.5787620288010844
P09,2025-01-01,0.638213105909117,0.4539167546809755,0.638213105909117,0.91290678527561,SC73,0.4589900305946345
P10,2025-01-01,0.6148646843957377,0.5488956849156922,0.6148646843957377,0.7113841339623769,SC73,0.1624884490466847
P11,2025-01-01,0.7277209938882472,0.5813834692543767,0.7277209938882472,0.9495750702551348,SC73,0.3681916010007581
P12,2025-01-01,0.4878453658177302,0.4256423214675836,0.4878453658177302,0.5797456942703167,SC73,0.15410337280273317
P13,2025-01-01,0.6156898799178365,0.4345512068761579,0.6156898799178365,0.8476908354740871,SC73,0.4131396285979292
P14,2025-01-01,0.5373031611625965,0.2983116661158516,0.5373031611625965,0.9387208298963226,SC73,0.640409163780471
P15,2025-01-01,0.5159027772945362,0.4471956377242746,0.5159027772945362,0.6258930773128721,SC73,0.17869743958859752
P16,2025-01-01,0.4439817237985003,0.3764489285119426,0.4439817237985003,0.5443745746508921,SC73,0.1679256461389495
P17,2025-01-01,0.51074544774307,0.408994585157054,0.51074544774307,0.6606824933048551,SC73,0.25168790814780106
P18,2025-01-01,0.4992913934555683,0.3349173898380391,0.4992913934555683,0.6815776955140307,SC73,0.3466603056759916
P19,2025-01-01,0.5171113567692893,0.4544225978420086,0.5171113567692893,0.6466687785307375,SC73,0.19224618068872884
P20,2025-01-01,0.5182535563196455,0.3555546803911541,0.5182535563196455,0.6657072479458068,SC73,0.3101525675546527
P21,2025-01-01,0.5235765694261907,0.2811520662144339,0.5235765694261907,0.7706135482715688,SC73,0.4894614820571349
P22,2025-01-01,0.6252396722416301,0.5200045697982789,0.6252396722416301,0.7803521947527685,SC73,0.2603476249544896
P23,2025-01-01,0.4165006063796662,0.2780739368963413,0.4165006063796662,0.5764221710827939,SC73,0.2983482341864526
P24,2025-01-01,0.4797248722432734,0.4313319348981456,0.4797248722432734,0.6152711251325296,SC73,0.183939190234384
P25,2025-01-01,0.5291917006393055,0.4367299595542069,0.5291917006393055,0.695002694067582,SC73,0.25827273451337507
P26,2025-01-01,0.5937095978757838,0.4891884788545886,0.5937095978757838,0.7200988564023652,SC73,0.23091037754777655
P27,2025-01-01,0.5749285961245443,0.4765631453073706,0.5749285961245443,0.6972422097358311,SC73,0.22067906442846047
P28,2025-01-01,0.4909091839096048,0.3830988511125399,0.4909091839096048,0.6224066558601502,SC73,0.23930780474761032
P29,2025-01-01,0.5103794660542038,0.4591608185718037,0.5103794660542038,0.6039841685292796,SC73,0.14482334995747592
P30,2025-01-01,0.6830033240737496,0.4283459578728904,0.6830033240737496,0.990218367305172,SC73,0.5618724094322816
P31,2025-01-01,0.7006016308134728,0.496757423039043,0.7006016308134728,0.9323767837459076,SC73,0.4356193607068646
P32,2025-01-01,0.42538047344475,0.3934704107865712,0.42538047344475,0.490326708492913,SC73,0.0968562977063418
P33,2025-01-01,0.6803352845894112,0.4402740506583679,0.6803352845894112,0.9032215742388764,SC73,0.4629475235805085
P34,2025-01-01,0.6210050546860957,0.532889513737265,0.6210050546860957,0.7545017542252432,SC73,0.22161224048797823
P35,2025-01-01,0.5801739194890956,0.3827467872529291,0.5801739194890956,0.8155692700518304,SC73,0.43282248279890134
P36,2025-01-01,0.5140813294347826,0.4811227613409858,0.5140813294347826,0.5646064294251706,SC73,0.08348366808418478
P37,2025-01-01,0.5230992714782338,0.426195132993549,0.5230992714782338,0.6328495371153615,SC73,0.20665440412181252
P38,2025-01-01,0.6324550293304108,0.4788146003531227,0.6324550293304108,0.8173309147743737,SC73,0.338516314421251
P39,2025-01-01,0.5182242255944471,0.4055779222819192,0.5182242255944471,0.682353280872498,SC73,0.27677535859057883
P40,2025-01-01,0.6146335726255898,0.5167608986478993,0.6146335726255898,0.7249700248606505,SC73,0.20820912621275123
P41,2025-01-01,0.5192768036664187,0.4180732928773709,0.5192768036664187,0.6241269862274696,SC73,0.20605369335009877
P42,2025-01-01,0.4745397721673106,0.3911102033518278,0.4745397721673106,0.594832697811483,SC73,0.20372249445965518
P43,2025-01-01,0.5597243387620527,0.4168338004157195,0.5597243387620527,0.712302479628375,SC73,0.2954686792126555
P44,2025-01-01,0.460223845073155,0.4060114028568639,0.460223845073155,0.5548884844835456,SC73,0.14887708162668167
P45,2025-01-01,0.4511961704427069,0.397274131321513,0.4511961704427069,0.5235798244110841,SC73,0.12630569308957107
P46,2025-01-01,0.5618887121205802,0.4573831220164076,0.5618887121205802,0.6908443212267135,SC73,0.2334611992103059
P47,2025-01-01,0.4986937383374015,0.3986811265139457,0.4986937383374015,0.6395433698427879,SC73,0.2408622433288422
P48,2025-01-01,0.4301254531511893,0.3643171952350772,0.4301254531511893,0.5216593290721004,SC73,0.15734213383702322
P49,2025-01-01,0.4717777671067269,0.4260991330768715,0.4717777671067269,0.540822003033822,SC73,0.11472286995695052
P50,2025-01-01,0.4315699916947019,0.3612183147721577,0.4315699916947019,0.5294308066053366,SC73,0.16821249183317888
P51,2025-01-01,0.6164050976653676,0.4860226750679596,0.6164050976653676,0.7575606872768974,SC73,0.2715380122089378
P52,2025-01-01,0.6761974636669997,0.4155304421493094,0.6761974636669997,1.034501810709974,SC73,0.6189713685606646
P53,2025-01-01,0.664543805541573,0.5680939725174989,0.664543805541573,0.8379185884500617,SC73,0.2698246159325628
P54,2025-01-01,0.4930464448509635,0.3838205934695016,0.4930464448509635,0.6402957531635397,SC73,0.2564751596940381
P55,2025-01-01,0.9547560332895636,0.5006621663716733,0.9547560332895636,1.5404672376727402,SC73,1.039805071301067
P56,2025-01-01,1.1555404617236211,0.5325173758765575,1.1555404617236211,1.8202348236632144,SC73,1.2877174477866569
P57,2025-01-01,0.96096197785912,0.7832982426559201,0.96096197785912,1.1595281977177,SC73,0.37622995506178003
P58,2025-01-01,0.7511456022550771,0.3523280142343962,0.7511456022550771,1.2312363586011823,SC73,0.8789083443667861
P59,2025-01-01,0.847984600853134,0.5375669219234052,0.847984600853134,1.227284149098964,SC73,0.689717227175559
P60,2025-01-01,1.0638099004934125,0.5239302463493549,1.0638099004934125,1.6305579873977083,SC73,1.1066277410483534
P61,2025-01-01,0.5726784588871421,0.5104315771648356,0.5726784588871421,0.6544781823920186,SC73,0.14404660522718304
P62,2025-01-01,0.6573430879430456,0.592548999433796,0.6573430879430456,0.7924017841202182,SC73,0.1998527846864222
P63,2025-01-01,0.66228472334998,0.5697877955312609,0.66228472334998,0.7957506355341624,SC73,0.22596284000290145
P01,2025-01-01,0.4898597086405424,0.3826435458582145,0.4898597086405424,0.5972435690909459,SC81,0.21460002323273142
P02,2025-01-01,0.575737918475491,0.5393228265579864,0.575737918475491,0.6123519711629173,SC81,0.07302914460493093
P03,2025-01-01,0.4271859520231479,0.3577201695870575,0.4271859520231479,0.4968285809746256,SC81,0.13910841138756813
P04,2025-01-01,0.4783286899915189,0.4492150834835677,0.4783286899915189,0.5076037431304249,SC81,0.05838865964685719
P05,2025-01-01,0.4434739583925872,0.3983385038975729,0.4434739583925872,0.4887391787185354,SC81,0.09040067482096248
P06,2025-01-01,0.4617852337853241,0.3904426603080312,0.4617852337853241,0.5332559940361259,SC81,0.14281333372809468
P07,2025-01-01,0.4542564691107882,0.4146409471771635,0.4542564691107882,0.4940325566442121,SC81,0.0793916094670486
P08,2025-01-01,0.4651617485783696,0.3692833917381906,0.4651617485783696,0.5612024479818203,SC81,0.1919190562436297
P09,2025-01-01,0.4348924562751678,0.3630976965856464,0.4348924562751678,0.5068182372184539,SC81,0.14372054063280748
P10,2025-01-01,0.4620213723467091,0.4087610319621832,0.4620213723467091,0.5154571166279542,SC81,0.10669608466577102
P11,2025-01-01,0.4564787659276785,0.3184559433257918,0.4564787659276785,0.5946677755924247,SC81,0.2762118322666329
P12,2025-01-01,0.5059463126490321,0.4530270501199415,0.5059463126490321,0.5590326265083314,SC81,0.10600557638838992
P13,2025-01-01,0.4626787426962719,0.3845906903149154,0.4626787426962719,0.5409639574636583,SC81,0.15637326714874294
P14,2025-01-01,0.4649775815764881,0.4342974494261247,0.4649775815764881,0.4958515331304999,SC81,0.061554083704375206
P15,2025-01-01,0.44288218780681,0.401457253018086,0.44288218780681,0.484470576226637,SC81,0.08301332320855098
P16,2025-01-01,0.4560815953821612,0.4268951110646494,0.4560815953821612,0.4853903772548812,SC81,0.05849526619023182
P17,2025-01-01,0.4709359296130355,0.3390436730901816,0.4709359296130355,0.6029980626331284,SC81,0.2639543895429468
P18,2025-01-01,0.457592325674095,0.4051079271330617,0.457592325674095,0.5102388139243209,SC81,0.1051308867912592
P19,2025-01-01,0.4442259753409625,0.3938142298562811,0.4442259753409625,0.4947822038815634,SC81,0.10096797402528229
P20,2025-01-01,0.4515378005866679,0.4049738187230815,0.4515378005866679,0.4982355240972594,SC81,0.09326170537417788
P21,2025-01-01,0.4284623697109204,0.3769240390078821,0.4284623697109204,0.4801537004148228,SC81,0.10322966140694073
P22,2025-01-01,0.4557920119568768,0.3953083437220806,0.4557920119568768,0.5164377452208173,SC81,0.12112940149873669
P23,2025-01-01,0.4118147281196239,0.3664569452372356,0.4118147281196239,0.457342403331735,SC81,0.09088545809449938
P24,2025-01-01,0.4504290538391345,0.4101856761899463,0.4504290538391345,0.4908036879010375,SC81,0.08061801171109123
P25,2025-01-01,0.4311356793143265,0.3953866590438727,0.4311356793143265,0.4670495222600678,SC81,0.07166286321619508
P26,2025-01-01,0.4300389092683842,0.4067773338347394,0.4300389092683842,0.4534323660321911,SC81,0.04665503219745171
P27,2025-01-01,0.4373394782023045,0.4054855580983735,0.4373394782023045,0.4693462143708914,SC81,0.06386065627251791
P28,2025-01-01,0.483452756293646,0.4391511804531715,0.483452756293646,0.5279179026462067,SC81,0.08876672219303527
P29,2025-01-01,0.4450013143744056,0.3918719652242445,0.4450013143744056,0.4982618598669753,SC81,0.1063898946427308
P30,2025-01-01,0.469120431474448,0.4130305900327761,0.469120431474448,0.5253348387074586,SC81,0.11230424867468247
P31,2025-01-01,0.4719370500605623,0.3748682522702798,0.4719370500605623,0.5691322683710909,SC81,0.19426401610081107
P32,2025-01-01,0.4628493919856038,0.399433237058665,0.4628493919856038,0.5264615125490641,SC81,0.12702827549039913
P33,2025-01-01,0.4197656146879469,0.3585212394322647,0.4197656146879469,0.4811332940257097,SC81,0.12261205459344499
P34,2025-01-01,0.4471096750002648,0.3695749301535835,0.4471096750002648,0.5248046138490379,SC81,0.15522968369545437
P35,2025-01-01,0.4546569492385228,0.414446058427885,0.4546569492385228,0.4950061251533459,SC81,0.0805600667254609
P36,2025-01-01,0.4103473482311608,0.3544910353642533,0.4103473482311608,0.4663234268528574,SC81,0.11183239148860408
P37,2025-01-01,0.4376772073721142,0.400733549061307,0.4376772073721142,0.4747416940767682,SC81,0.07400814501546121
P38,2025-01-01,0.4548419705592554,0.4017196334558366,0.4548419705592554,0.5081007697029198,SC81,0.10638113624708323
P39,2025-01-01,0.558060666803698,0.4860485643428816,0.558060666803698,0.6302852239672195,SC81,0.14423665962433796
P40,2025-01-01,0.4306785019651086,0.3627851801252022,0.4306785019651086,0.4987527271615374,SC81,0.13596754703633518
P41,2025-01-01,0.4211175608064947,0.3505398286172325,0.4211175608064947,0.4918371979179593,SC81,0.14129736930072684
P42,2025-01-01,0.4541712626654055,0.412171938001306,0.4541712626654055,0.4963400731369237,SC81,0.08416813513561766
P43,2025-01-01,0.4325346613481827,0.3863083887163001,0.4325346613481827,0.4789065448676226,SC81,0.0925981561513225
P44,2025-01-01,0.4435610158068404,0.3791430445478128,0.4435610158068404,0.5081662732416554,SC81,0.12902322869384264
P45,2025-01-01,0.4634159602651106,0.4241681793981573,0.4634159602651106,0.502838421856804,SC81,0.07867024245864673
P46,2025-01-01,0.5371489554908776,0.4498204936868725,0.5371489554908776,0.6246919264951876,SC81,0.17487143280831507
P47,2025-01-01,0.5622546229276173,0.4944461448542148,0.5622546229276173,0.6302473766765848,SC81,0.13580123182237003
P48,2025-01-01,0.437432225473878,0.3810239321097216,0.437432225473878,0.4939746115936502,SC81,0.11295067948392862
P49,2025-01-01,0.5731866964738002,0.4682724982773531,0.5731866964738002,0.6782839130603364,SC81,0.2100114147829833
P50,2025-01-01,0.4481543258534431,0.3651363160728914,0.4481543258534431,0.5313046230207996,SC81,0.16616830694790824
P51,2025-01-01,0.4463382935549291,0.4020052080810451,0.4463382935549291,0.4908402767060261,SC81,0.08883506862498097
P52,2025-01-01,0.4249877763408513,0.3755463475346142,0.4249877763408513,0.4745741836666173,SC81,0.09902783613200311
P53,2025-01-01,0.4167327609486848,0.3321491252747531,0.4167327609486848,0.5014370308357065,SC81,0.16928790556095336
P54,2025-01-01,0.3957382738180478,0.3380122403167183,0.3957382738180478,0.4535860756505325,SC81,0.11557383533381421
P55,2025-01-01,0.4224919554325978,0.3099488890126501,0.4224919554325978,0.5351822104005441,SC81,0.22523332138789404
P56,2025-01-01,0.4354087366170084,0.3577025138771014,0.4354087366170084,0.5132733018897292,SC81,0.1555707880126278
P57,2025-01-01,0.4055352744005612,0.3740103503180607,0.4055352744005612,0.4371937820380598,SC81,0.06318343171999913
P58,2025-01-01,0.4117253673444862,0.3309952458804811,0.4117253673444862,0.4925862059854353,SC81,0.16159096010495416
P59,2025-01-01,0.442343965352814,0.359082771221726,0.442343965352814,0.5257311888486668,SC81,0.16664841762694077
P60,2025-01-01,0.4421975461945585,0.3902436891946113,0.4421975461945585,0.4942638901977129,SC81,0.10402020100310161
P61,2025-01-01,0.4146070321919312,0.340909513618058,0.4146070321919312,0.4884658819127597,SC81,0.1475563682947017
P62,2025-01-01,0.4400218589972419,0.3873948098276586,0.4400218589972419,0.4928355750131005,SC81,0.10544076518544188
P63,2025-01-01,0.4502285918921674,0.3972923249085937,0.4502285918921674,0.5033569069038528,SC81,0.10606458199525914
P01,2025-01-01,2.658152237407105,2.2330949560115103,2.658152237407105,3.084093817037877,SC82,0.8509988610263668
P02,2025-01-01,2.256116231730378,1.918542251400944,2.256116231730378,2.594757977116899,SC82,0.6762157257159549
P03,2025-01-01,2.063156561602345,1.6154883506669937,2.063156561602345,2.5118556534955383,SC82,0.8963673028285446
P04,2025-01-01,2.3586807909664023,1.98225073104,2.3586807909664023,2.73618446465566,SC82,0.75393373361566
P05,2025-01-01,2.270718344528764,1.8991734447618456,2.270718344528764,2.643093689734306,SC82,0.7439202449724605
P06,2025-01-01,2.3714831384383066,1.921211814466805,2.3714831384383066,2.8228469820209288,SC82,0.9016351675541239
P07,2025-01-01,2.0752084825928256,1.643858047478131,2.0752084825928256,2.507565414777713,SC82,0.8637073672995821
P08,2025-01-01,2.140448119648728,1.8050722069766008,2.140448119648728,2.476675838574049,SC82,0.6716036315974483
P09,2025-01-01,2.223207918699284,1.7981437173252892,2.223207918699284,2.6492409004418445,SC82,0.8510971831165552
P10,2025-01-01,2.326369216036684,1.9327951364921092,2.326369216036684,2.7207801373433247,SC82,0.7879850008512155
P11,2025-01-01,2.403124870820881,1.8790085588531007,2.403124870820881,2.928317035450987,SC82,1.0493084765978862
P12,2025-01-01,2.6011676279921043,2.254943551088237,2.6011676279921043,2.9481850240914804,SC82,0.6932414730032432
P13,2025-01-01,2.3608025744644063,2.001096230980796,2.3608025744644063,2.7212494870329,SC82,0.7201532560521042
P14,2025-01-01,2.435722555307092,2.0704773802626075,2.435722555307092,2.8021149595760195,SC82,0.731637579313412
P15,2025-01-01,2.476045785966829,2.0977861746260857,2.476045785966829,2.8552365187165125,SC82,0.7574503440904268
P16,2025-01-01,2.4448110800918093,2.0750295502451133,2.4448110800918093,2.815388324495675,SC82,0.740358774250562
P17,2025-01-01,2.3495484174866696,2.075485439820913,2.3495484174866696,2.624400445165253,SC82,0.5489150053443401
P18,2025-01-01,2.7297050855021547,2.317090479575833,2.7297050855021547,3.143332717069917,SC82,0.8262422374940837
P19,2025-01-01,2.5779696669584995,2.302125358705285,2.5779696669584995,2.854636482056711,SC82,0.5525111233514264
P20,2025-01-01,2.594319017085047,2.0860234864422926,2.594319017085047,3.1035407405776763,SC82,1.0175172541353836
P21,2025-01-01,2.453289502384681,2.1722438197858027,2.453289502384681,2.735006679735727,SC82,0.5627628599499244
P22,2025-01-01,2.489353854746636,2.1727425075568867,2.489353854746636,2.806657789282223,SC82,0.6339152817253364
P23,2025-01-01,2.512144123268503,2.168735136360529,2.512144123268503,2.8562984290064897,SC82,0.6875632926459607
P24,2025-01-01,2.466825710472296,2.134903234978106,2.466825710472296,2.799543025080437,SC82,0.6646397901023313
P25,2025-01-01,2.40667801672912,2.132730522484055,2.40667801672912,2.6812691368296298,SC82,0.5485386143455746
P26,2025-01-01,2.429615673327218,2.068265488917942,2.429615673327218,2.791855673126605,SC82,0.7235901842086632
P27,2025-01-01,2.331400207558672,1.990914840725804,2.331400207558672,2.6727491823644005,SC82,0.6818343416385966
P28,2025-01-01,2.442000276358593,2.1186875174661104,2.442000276358593,2.7663154698921986,SC82,0.6476279524260882
P29,2025-01-01,2.520239581484251,2.222099308962383,2.520239581484251,2.8191366690819937,SC82,0.5970373601196108
P30,2025-01-01,2.502307059350051,2.24623029903394,2.502307059350051,2.759209981020943,SC82,0.512979681987003
P31,2025-01-01,2.4290638486485903,2.161574959490197,2.4290638486485903,2.697299785171695,SC82,0.5357248256814979
P32,2025-01-01,2.758812058780122,2.5015435862696087,2.758812058780122,3.016905366442069,SC82,0.5153617801724604
P33,2025-01-01,2.10789395951182,1.8008011325721984,2.10789395951182,2.4161035428012427,SC82,0.6153024102290443
P34,2025-01-01,2.0777152208129506,1.6996065125239677,2.0777152208129506,2.456889846415032,SC82,0.7572833338910645
P35,2025-01-01,2.3335806111422093,2.0582400694010943,2.3335806111422093,2.6098309879834978,SC82,0.5515909185824035
P36,2025-01-01,2.061055066512457,1.854064195958766,2.061055066512457,2.26877713332064,SC82,0.41471293736187387
P37,2025-01-01,2.333644024488565,1.8792594532570792,2.333644024488565,2.7889215850574947,SC82,0.9096621318004154
P38,2025-01-01,2.202265769372482,1.9206984178653344,2.202265769372482,2.484905497846106,SC82,0.5642070799807717
P39,2025-01-01,2.308030037350017,1.9618305366154976,2.308030037350017,2.655003515572815,SC82,0.6931729789573173
P40,2025-01-01,2.1404121598983963,1.7850395716407286,2.1404121598983963,2.4964248089086944,SC82,0.7113852372679659
P41,2025-01-01,2.234823617036563,1.7806371290462453,2.234823617036563,2.689867182565848,SC82,0.9092300535196025
P42,2025-01-01,2.268697878775654,1.9181151206218108,2.268697878775654,2.620214593284354,SC82,0.7020994726625431
P43,2025-01-01,2.378332704735394,1.9941036587834335,2.378332704735394,2.763369404799932,SC82,0.7692657460164987
P44,2025-01-01,2.407688270292872,1.9095459563102737,2.407688270292872,2.9067742040333617,SC82,0.997228247723088
P45,2025-01-01,2.456406405529288,2.173231016558033,2.456406405529288,2.740315836876822,SC82,0.5670848203187888
P46,2025-01-01,2.3172273510942203,1.9865435358274757,2.3172273510942203,2.648646952173105,SC82,0.6621034163456294
P47,2025-01-01,2.402279813517704,2.0820310824249733,2.402279813517704,2.7233849478718586,SC82,0.6413538654468853
P48,2025-01-01,2.3831529086922743,2.0241361413926504,2.3831529086922743,2.742842917905217,SC82,0.7187067765125668
P49,2025-01-01,2.52882027524296,2.2001735135267806,2.52882027524296,2.858234811839072,SC82,0.6580612983122913
P50,2025-01-01,2.462358503352128,2.146076102628613,2.462358503352128,2.77947888577654,SC82,0.6334027831479268
P51,2025-01-01,2.4394625093066877,2.047582118553998,2.4394625093066877,2.832559378705178,SC82,0.7849772601511802
P52,2025-01-01,2.1063460358587256,1.7784811944568653,2.1063460358587256,2.4351384670943226,SC82,0.6566572726374573
P53,2025-01-01,2.2164553810409435,1.944274472234868,2.2164553810409435,2.4894476543487336,SC82,0.5451731821138657
P54,2025-01-01,1.9554518725772336,1.6532378263234588,1.9554518725772336,2.2584099431226425,SC82,0.6051721167991837
P55,2025-01-01,2.2119170489824365,1.851638495933441,2.2119170489824365,2.5730349546391587,SC82,0.7213964587057176
P56,2025-01-01,2.159168559348247,1.9088800799861043,2.159168559348247,2.410340357194219,SC82,0.5014602772081145
P57,2025-01-01,2.144510485796805,1.946005480128484,2.144510485796805,2.343639842668568,SC82,0.3976343625400838
P58,2025-01-01,2.156962542810425,1.9071987071432732,2.156962542810425,2.4075106936464348,SC82,0.5003119865031616
P59,2025-01-01,2.41080555833748,1.9773436712863228,2.41080555833748,2.8451809238227237,SC82,0.8678372525364009
P60,2025-01-01,2.193926229048797,1.9069243807587195,2.193926229048797,2.481839573918521,SC82,0.5749151931598016
P61,2025-01-01,2.0609459446793763,1.830592797752701,2.0609459446793763,2.292103184341104,SC82,0.46151038658840315
P62,2025-01-01,2.26258979484784,2.0110895333994065,2.26258979484784,2.514770525272771,SC82,0.5036809918733645
P63,2025-01-01,2.168505590712599,1.8594463453369885,2.168505590712599,2.478475785050182,SC82,0.6190294397131937
P01,2025-01-01,0.5613806456386983,0.3103675584211167,0.5613806456386983,0.8113941992228887,SC83,0.5010266408017721
P02,2025-01-01,0.6283386967639857,0.4167567653752473,0.6283386967639857,0.8361761954190196,SC83,0.41941943004377225
P03,2025-01-01,0.5030466651618047,0.1991207492884026,0.5030466651618047,0.809520901750833,SC83,0.6104001524624304
P04,2025-01-01,0.5801568808215549,0.3605696648467897,0.5801568808215549,0.7914535342931251,SC83,0.43088386944633544
P05,2025-01-01,0.5861226643019414,0.3612031453226719,0.5861226643019414,0.8119576128981787,SC83,0.4507544675755068
P06,2025-01-01,0.6207585812082831,0.254155458558684,0.6207585812082831,0.9888188301723236,SC83,0.7346633716136397
P07,2025-01-01,0.5262205052848858,0.3298481822923333,0.5262205052848858,0.7212931086614953,SC83,0.391444926369162
P08,2025-01-01,0.4644286527645612,0.2961435721331874,0.4644286527645612,0.6335544593526267,SC83,0.33741088721943924
P09,2025-01-01,0.5636700832685068,0.2378380627450637,0.5636700832685068,0.8904930615794171,SC83,0.6526549988343534
P10,2025-01-01,0.5815660450596538,0.3387766014978047,0.5815660450596538,0.8213628740636396,SC83,0.4825862725658349
P11,2025-01-01,0.4553049211672235,0.1573342112663952,0.4553049211672235,0.7539218117275843,SC83,0.5965876004611891
P12,2025-01-01,0.6017570144575363,0.3786256897949873,0.6017570144575363,0.8275593954643625,SC83,0.44893370566937524
P13,2025-01-01,0.598018557267168,0.2568637101720557,0.598018557267168,0.9394778831624117,SC83,0.6826141729903559
P14,2025-01-01,0.5412278501422388,0.3523555928803663,0.5412278501422388,0.7282392423227613,SC83,0.375883649442395
P15,2025-01-01,0.4046846990690879,0.2015885753880932,0.4046846990690879,0.6105094466055276,SC83,0.4089208712174345
P16,2025-01-01,0.5756879433678173,0.310014103533646,0.5756879433678173,0.8444908389307104,SC83,0.5344767353970644
P17,2025-01-01,0.4319845920299568,0.1511867676716665,0.4319845920299568,0.7123664388837287,SC83,0.5611796712120622
P18,2025-01-01,0.5715429097047442,0.3300488600536455,0.5715429097047442,0.8133448697071326,SC83,0.4832960096534871
P19,2025-01-01,0.3973695582231881,0.1081581521501285,0.3973695582231881,0.6886849102816841,SC83,0.5805267581315556
P20,2025-01-01,0.4797366467893074,0.1856441614037462,0.4797366467893074,0.7731130939817288,SC83,0.5874689325779826
P21,2025-01-01,0.5582998410466591,0.33974331658953,0.5582998410466591,0.7758294837899542,SC83,0.4360861672004242
P22,2025-01-01,0.4494475281433384,0.2864883260840276,0.4494475281433384,0.6106144929986671,SC83,0.3241261669146395
P23,2025-01-01,0.5608442151547715,0.1966542727736123,0.5608442151547715,0.9253129166627926,SC83,0.7286586438891802
P24,2025-01-01,0.5238698063509004,0.2924196203571343,0.5238698063509004,0.7551395268856705,SC83,0.46271990652853623
P25,2025-01-01,0.5062949189894209,0.3625414380799187,0.5062949189894209,0.64685875212171,SC83,0.2843173140417913
P26,2025-01-01,0.5422071344530226,0.3787838858812412,0.5422071344530226,0.7069995924054173,SC83,0.32821570652417614
P27,2025-01-01,0.5788252205252682,0.3171296906186804,0.5788252205252682,0.8397917920627269,SC83,0.5226621014440465
P28,2025-01-01,0.5678428939758892,0.3766892543737934,0.5678428939758892,0.7609104115995398,SC83,0.38422115722574635
P29,2025-01-01,0.5782572878173169,0.2564225368197116,0.5782572878173169,0.8989186341279414,SC83,0.6424960973082298
P30,2025-01-01,0.4651505185016872,0.2899626113096908,0.4651505185016872,0.6428602212351457,SC83,0.35289760992545494
P31,2025-01-01,0.3897811067557747,0.1123766926024606,0.3897811067557747,0.6680418679186284,SC83,0.5556651753161678
P32,2025-01-01,0.6112694538382837,0.2657944943843666,0.6112694538382837,0.9558063032904016,SC83,0.690011808906035
P33,2025-01-01,0.6192883257632378,0.4001559792879968,0.6192883257632378,0.8359746070783433,SC83,0.43581862779034647
P34,2025-01-01,0.4301233946356083,0.2435463409852767,0.4301233946356083,0.6199246956591666,SC83,0.3763783546738899
P35,2025-01-01,0.6044771782783249,0.4063830756855939,0.6044771782783249,0.8021066626339877,SC83,0.39572358694839377
P36,2025-01-01,0.4417773319665637,0.1433465479583427,0.4417773319665637,0.74147489493892,SC83,0.5981283469805774
P37,2025-01-01,0.4363402789631229,0.1382892786075825,0.4363402789631229,0.7357373000503243,SC83,0.5974480214427418
P38,2025-01-01,0.5809928557041386,0.3657237578156515,0.5809928557041386,0.798372094166687,SC83,0.4326483363510355
P39,2025-01-01,0.5815714857051102,0.2403548147376764,0.5815714857051102,0.9251002391593918,SC83,0.6847454244217154
P40,2025-01-01,0.5701197906462305,0.2587200282170987,0.5701197906462305,0.8851902627383295,SC83,0.6264702345212307
P41,2025-01-01,0.5289327061248971,0.3320512653019695,0.5289327061248971,0.7255010582412336,SC83,0.3934497929392641
P42,2025-01-01,0.5291360032623664,0.3255893423358394,0.5291360032623664,0.73327224095603,SC83,0.40768289862019064
P43,2025-01-01,0.6185597087612671,0.2477775692383478,0.6185597087612671,0.9864094370588808,SC83,0.738631867820533
P44,2025-01-01,0.658931467080337,0.3935484999007357,0.658931467080337,0.9237847334214948,SC83,0.5302362335207591
P45,2025-01-01,0.644826004450044,0.2572324898918675,0.644826004450044,1.0354875555425265,SC83,0.778255065650659
P46,2025-01-01,0.6539117763017273,0.3705261030074313,0.6539117763017273,0.9395161547944404,SC83,0.5689900517870091
P47,2025-01-01,0.5175126554439682,0.1942027525948462,0.5175126554439682,0.8409695188533225,SC83,0.6467667662584763
P48,2025-01-01,0.477790282635996,0.3046653216501568,0.477790282635996,0.6539643941864394,SC83,0.34929907253628256
P49,2025-01-01,0.6944002176130116,0.406859310728554,0.6944002176130116,0.9839412255737016,SC83,0.5770819148451476
P50,2025-01-01,0.5192676279250455,0.3148280511361585,0.5192676279250455,0.7222215461734387,SC83,0.4073934950372802
P51,2025-01-01,0.5364366969499568,0.3160439871623219,0.5364366969499568,0.7519628025617592,SC83,0.4359188153994373
P52,2025-01-01,0.4699289471816764,0.0986946224966633,0.4699289471816764,0.8361460925124918,SC83,0.7374514700158286
P53,2025-01-01,0.5799026143973984,0.4029475959289026,0.5799026143973984,0.7551816740793206,SC83,0.35223407815041796
P54,2025-01-01,0.4636707783344105,0.1883121468355094,0.4636707783344105,0.7433122581374494,SC83,0.55500011130194
P55,2025-01-01,0.6014139468952309,0.3262006949990353,0.6014139468952309,0.8754865668439671,SC83,0.5492858718449318
P56,2025-01-01,0.5115845624266382,0.2315913025327464,0.5115845624266382,0.7873036626816979,SC83,0.5557123601489515
P57,2025-01-01,0.3946698356023063,0.1487544897986068,0.3946698356023063,0.6437794190720032,SC83,0.49502492927339636
P58,2025-01-01,0.5087449294503602,0.2664567841467451,0.5087449294503602,0.7552693278255517,SC83,0.48881254367880655
P59,2025-01-01,0.6376982258317002,0.4432766357846143,0.6376982258317002,0.8305929124659639,SC83,0.3873162766813496
P60,2025-01-01,0.4015013680572207,0.0510611853077072,0.4015013680572207,0.7459737472227361,SC83,0.6949125619150289
P61,2025-01-01,0.4323327729364292,0.160074452977032,0.4323327729364292,0.706711001098266,SC83,0.5466365481212341
P62,2025-01-01,0.426877203660729,0.1300890417035966,0.426877203660729,0.7237354276492101,SC83,0.5936463859456135
P63,2025-01-01,0.499997854125631,0.2956522926338965,0.499997854125631,0.703723841829683,SC83,0.4080715491957865
